Matrix,Init0 Time (ms),Init1 Time (ms),Best Time (ms),Best col_frac,Best hot_frac
1138_bus,0.004957,0.004858,0.004858,1.0,1.0
144,0.026664,0.026822,0.026664,0.0,0.0
2D_27628_bjtcai,0.007089,0.010958,0.007089,0.0,0.0
2D_54019_highK,0.01101,0.035173,0.01101,0.0,0.0
2cubes_sphere,0.01671,0.013675,0.013675,1.0,1.0
333SP,0.31994,0.337833,0.31994,0.0,0.0
3D_28984_Tetra,0.008098,0.010682,0.008098,0.0,0.0
3D_51448_3D,0.011541,0.014198,0.011541,0.0,0.0
3Dspectralwave,0.304419,0.269793,0.269793,1.0,1.0
3Dspectralwave2,0.135925,0.125752,0.125752,1.0,1.0
3dtube,0.03745,0.03825,0.025403,0.45924889196586727,0.3337086111390219
3elt,0.004367,0.0045,0.004367,0.0,0.0
3elt_dual,0.00488,0.003695,0.003695,1.0,1.0
494_bus,0.004879,0.003992,0.003992,1.0,1.0
598a,0.020423,0.0205,0.020423,0.0,0.0
662_bus,0.004879,0.004263,0.004263,1.0,1.0
685_bus,0.00429,0.004095,0.004095,1.0,1.0
ABACUS_shell_hd,0.005925,0.00573,0.00573,1.0,1.0
ABACUS_shell_ld,0.005854,0.005722,0.005722,1.0,1.0
ABACUS_shell_md,0.006072,0.005777,0.005777,1.0,1.0
ABACUS_shell_ud,0.005866,0.005836,0.005836,1.0,1.0
ACTIVSg10K,0.00547,0.006859,0.00547,0.0,0.0
ACTIVSg2000,0.004927,0.005555,0.004927,0.0,0.0
ACTIVSg70K,0.006561,0.007369,0.006561,0.0,0.0
AS365,0.526501,0.558107,0.436104,0.7590804821477086,0.6593570684724934
ASIC_100k,0.011285,0.030144,0.011285,0.0,0.0
ASIC_100ks,0.008553,0.025531,0.008553,0.0,0.0
ASIC_320k,0.035565,0.081311,0.035565,0.0,0.0
ASIC_320ks,0.018131,0.064795,0.018131,0.0,0.0
ASIC_680k,0.054179,0.086168,0.054179,0.0,0.0
ASIC_680ks,0.041683,0.064886,0.041683,0.0,0.0
Alemdar,0.005029,0.004899,0.004899,1.0,1.0
Andrews,0.014869,0.014821,0.014821,1.0,1.0
Baumann,0.008412,0.008866,0.008412,0.0,0.0
BenElechi1,0.122364,0.110079,0.110079,1.0,1.0
Binaryalphadigs_10NN,0.004598,0.005466,0.004598,0.0,0.0
Bump_2911,1.097704,1.099888,1.097704,0.0,0.0
CAG_mat1916,0.006669,0.016494,0.006669,0.0,0.0
CAG_mat364,0.004751,0.006906,0.004751,0.0,0.0
CAG_mat72,0.004594,0.004455,0.004455,1.0,1.0
CO,0.079725,0.095446,0.079725,0.0,0.0
CSphd,0.006125,0.007871,0.006125,0.0,0.0
California,0.00664,0.01816,0.00664,0.0,0.0
Chebyshev1,0.004214,0.006883,0.004214,0.0,0.0
Chebyshev2,0.011734,0.006811,0.006811,1.0,1.0
Chebyshev3,0.017433,0.007296,0.007296,1.0,1.0
Chebyshev4,0.270027,0.052943,0.052943,1.0,1.0
Chem97ZtZ,0.004627,0.011994,0.004627,0.0,0.0
Chevron1,0.006202,0.008182,0.006202,0.0,0.0
Chevron2,0.009073,0.009036,0.009036,1.0,1.0
Chevron3,0.045818,0.044524,0.044524,1.0,1.0
Chevron4,0.077139,0.069472,0.069472,1.0,1.0
CollegeMsg,0.005289,0.018745,0.005289,0.0,0.0
CoupCons3D,0.212212,0.186022,0.186022,1.0,1.0
Cube_Coup_dt0,1.109087,0.959073,0.959073,1.0,1.0
Cube_Coup_dt6,1.108904,0.95963,0.95963,1.0,1.0
CurlCurl_0,0.005073,0.004853,0.004853,1.0,1.0
CurlCurl_1,0.031643,0.032952,0.024046,0.9117777532587669,0.48510893545581607
CurlCurl_2,0.099369,0.087732,0.087732,1.0,1.0
CurlCurl_3,0.144049,0.146415,0.144049,0.0,0.0
CurlCurl_4,0.268801,1000000.0,0.268801,0.0,0.0
DK01R,0.00459,0.004524,0.004524,1.0,1.0
Dubcova1,0.006056,0.006135,0.006056,0.0,0.0
Dubcova2,0.011919,0.009282,0.009282,1.0,1.0
Dubcova3,0.04406,0.037634,0.03008,0.5665181655878302,0.41843396007729494
EAT_RS,0.010252,0.020193,0.010252,0.0,0.0
EAT_SR,0.008962,0.010619,0.008962,0.0,0.0
EPA,0.00786,0.019038,0.00786,0.0,0.0
EVA,0.013751,0.023452,0.013751,0.0,0.0
EX1,0.004619,0.004669,0.004619,0.0,0.0
EX2,0.00477,0.004915,0.00477,0.0,0.0
EX3,0.005305,0.005645,0.005305,0.0,0.0
EX4,0.005198,0.005668,0.005198,0.0,0.0
EX5,0.007051,0.008443,0.007051,0.0,0.0
EX6,0.007089,0.0083,0.007089,0.0,0.0
Ecoli_10NN,0.004634,0.004708,0.004634,0.0,0.0
Emilia_923,0.362264,1000000.0,0.362264,0.0,0.0
Erdos02,0.006255,0.010897,0.006255,0.0,0.0
Erdos971,0.00481,0.005636,0.00481,0.0,0.0
Erdos972,0.006,0.007494,0.006,0.0,0.0
Erdos981,0.004801,0.005889,0.004801,0.0,0.0
Erdos982,0.006242,0.00694,0.006242,0.0,0.0
Erdos991,0.004632,0.006012,0.004632,0.0,0.0
Erdos992,0.006292,0.00709,0.006292,0.0,0.0
F1,0.250099,0.228017,0.228017,1.0,1.0
F2,0.05511,0.091575,0.05511,0.0,0.0
FA,0.006194,0.006022,0.006022,1.0,1.0
FEM_3D_thermal1,0.006931,0.006206,0.006206,1.0,1.0
FEM_3D_thermal2,0.042789,0.038773,0.033794,0.45924889196586727,0.3337086111390219
Fashion_MNIST_norm_10NN,0.007213,0.013697,0.007213,0.0,0.0
Fault_639,0.255354,0.228532,0.228532,1.0,1.0
Flan_1565,0.996741,1000000.0,0.986708,0.45924889196586727,0.3337086111390219
Freescale1,0.269336,1000000.0,0.269336,0.0,0.0
Freescale2,0.281769,0.301202,0.281769,0.0,0.0
FullChip,0.330378,0.408339,0.330378,0.0,0.0
G1,0.005074,0.006252,0.005074,0.0,0.0
G10,0.004987,0.006341,0.004987,0.0,0.0
G11,0.004082,0.003287,0.003287,1.0,1.0
G12,0.004252,0.003533,0.003533,1.0,1.0
G13,0.004017,0.003312,0.003312,1.0,1.0
G14,0.004753,0.011514,0.004753,0.0,0.0
G15,0.004469,0.014582,0.004469,0.0,0.0
G16,0.004759,0.012595,0.004759,0.0,0.0
G17,0.004445,0.013695,0.004445,0.0,0.0
G18,0.004503,0.011691,0.004503,0.0,0.0
G19,0.004428,0.014599,0.004428,0.0,0.0
G2,0.004945,0.006325,0.004945,0.0,0.0
G20,0.004738,0.012449,0.004738,0.0,0.0
G21,0.00445,0.013545,0.00445,0.0,0.0
G22,0.005197,0.005689,0.005197,0.0,0.0
G23,0.00542,0.005828,0.00542,0.0,0.0
G24,0.005252,0.00563,0.005252,0.0,0.0
G25,0.005452,0.005603,0.005452,0.0,0.0
G26,0.005334,0.005566,0.005334,0.0,0.0
G27,0.005523,0.005853,0.005523,0.0,0.0
G28,0.005446,0.005747,0.005446,0.0,0.0
G29,0.00541,0.005484,0.00541,0.0,0.0
G2_circuit,0.009038,0.009199,0.009038,0.0,0.0
G3,0.004915,0.00656,0.004915,0.0,0.0
G30,0.005198,0.005532,0.005198,0.0,0.0
G31,0.005271,0.005335,0.005271,0.0,0.0
G32,0.004337,0.003312,0.003312,1.0,1.0
G33,0.004161,0.003265,0.003265,1.0,1.0
G34,0.004245,0.003453,0.003453,1.0,1.0
G35,0.005103,0.018208,0.005103,0.0,0.0
G36,0.004877,0.017721,0.004877,0.0,0.0
G37,0.005097,0.022924,0.005097,0.0,0.0
G38,0.005091,0.022494,0.005091,0.0,0.0
G39,0.004875,0.018185,0.004875,0.0,0.0
G3_circuit,0.104571,0.101315,0.101315,1.0,1.0
G4,0.004981,0.006725,0.004981,0.0,0.0
G40,0.004898,0.017305,0.004898,0.0,0.0
G41,0.004826,0.022536,0.004826,0.0,0.0
G42,0.004933,0.022541,0.004933,0.0,0.0
G43,0.004753,0.005178,0.004753,0.0,0.0
G44,0.005004,0.005089,0.005004,0.0,0.0
G45,0.004963,0.005276,0.004963,0.0,0.0
G46,0.004875,0.005448,0.004875,0.0,0.0
G47,0.004722,0.005224,0.004722,0.0,0.0
G48,0.004315,0.003382,0.003382,1.0,1.0
G49,0.004304,0.003593,0.003593,1.0,1.0
G5,0.00493,0.006285,0.00493,0.0,0.0
G50,0.004526,0.003346,0.003346,1.0,1.0
G51,0.004821,0.012614,0.004821,0.0,0.0
G52,0.004787,0.016837,0.004787,0.0,0.0
G53,0.004462,0.011714,0.004462,0.0,0.0
G54,0.004529,0.010895,0.004529,0.0,0.0
G55,0.005226,0.005072,0.005072,1.0,1.0
G56,0.005332,0.005298,0.005298,1.0,1.0
G57,0.004315,0.003526,0.003526,1.0,1.0
G58,0.006474,0.023411,0.006474,0.0,0.0
G59,0.006591,0.023614,0.006591,0.0,0.0
G6,0.00497,0.006287,0.00497,0.0,0.0
G60,0.005237,0.00556,0.005237,0.0,0.0
G61,0.005233,0.005372,0.005233,0.0,0.0
G62,0.004223,0.00342,0.00342,1.0,1.0
G63,0.006358,0.024841,0.006358,0.0,0.0
G64,0.006178,0.025032,0.006178,0.0,0.0
G65,0.004365,0.003462,0.003462,1.0,1.0
G66,0.004406,0.003461,0.003461,1.0,1.0
G67,0.004444,0.003769,0.003769,1.0,1.0
G7,0.004948,0.006575,0.004948,0.0,0.0
G8,0.005125,0.006628,0.005125,0.0,0.0
G9,0.00493,0.006689,0.00493,0.0,0.0
GAP-road,1.170594,1.210454,1.170594,0.0,0.0
GAP-web,16.817726,1000000.0,16.075614,0.45924889196586727,0.3337086111390219
GD00_c,0.005535,0.006882,0.005535,0.0,0.0
GD06_Java,0.004604,0.009021,0.004604,0.0,0.0
GD96_a,0.005141,0.005136,0.005136,1.0,1.0
GT01R,0.006823,0.008189,0.006823,0.0,0.0
G_n_pin_pout,0.014877,0.014159,0.014159,1.0,1.0
Ga10As10H30,0.063499,0.06449,0.063499,0.0,0.0
Ga19As19H42,0.086549,0.08732,0.086549,0.0,0.0
Ga3As3H12,0.0616,0.061934,0.057038,0.9933528980469207,0.6340830780338345
Ga41As41H72,0.168956,0.168391,0.168391,1.0,1.0
GaAsH6,0.03967,0.03953,0.031652,0.6324311060171135,0.31538432095455377
Ge87H76,0.078363,0.111166,0.078363,0.0,0.0
Ge99H100,0.082711,0.111544,0.082711,0.0,0.0
Geo_1438,0.549602,0.539352,0.539352,1.0,1.0
Glass_10NN,0.004391,0.004402,0.004391,0.0,0.0
Goodwin_010,0.004901,0.008279,0.004901,0.0,0.0
Goodwin_013,0.004914,0.006844,0.004914,0.0,0.0
Goodwin_017,0.005396,0.007009,0.005396,0.0,0.0
Goodwin_023,0.005633,0.007262,0.005633,0.0,0.0
Goodwin_030,0.006453,0.009042,0.006453,0.0,0.0
Goodwin_040,0.008136,0.009562,0.008136,0.0,0.0
Goodwin_054,0.011497,0.010464,0.010464,1.0,1.0
Goodwin_071,0.015553,0.013733,0.013733,1.0,1.0
Goodwin_095,0.040316,0.033871,0.026585,0.7796910002727695,0.5968501579464871
Goodwin_127,0.064353,0.055644,0.055644,1.0,1.0
H2O,0.020369,0.016004,0.016004,1.0,1.0
HEP-th,0.010114,0.025121,0.010114,0.0,0.0
HEP-th-new,0.011211,0.02481,0.011211,0.0,0.0
HTC_336_4438,0.010898,0.013175,0.010898,0.0,0.0
HTC_336_9129,0.010307,0.013187,0.010307,0.0,0.0
HV15R,2.249805,1000000.0,2.249805,0.0,0.0
Hamrle2,0.004583,0.004127,0.004127,1.0,1.0
Hamrle3,0.085987,0.069921,0.069921,1.0,1.0
Hardesty1,0.129414,0.111451,0.111451,1.0,1.0
Harvard500,0.004917,0.021842,0.004917,0.0,0.0
Hook_1498,0.540459,0.525787,0.525787,1.0,1.0
Ill_Stokes,0.007699,0.007564,0.007564,1.0,1.0
JapaneseVowelsSmall_10NN,0.005531,0.006391,0.005531,0.0,0.0
Journals,0.0045,0.010498,0.0045,0.0,0.0
Kaufhold,0.004886,0.006082,0.004886,0.0,0.0
Kohonen,0.008246,0.02901,0.008246,0.0,0.0
Kuu,0.006228,0.010039,0.006228,0.0,0.0
L,0.004562,0.003473,0.003473,1.0,1.0
L-9,0.005331,0.003786,0.003786,1.0,1.0
LF10000,0.004717,0.004881,0.004717,0.0,0.0
LFAT5000,0.005276,0.004469,0.004469,1.0,1.0
LeGresley_2508,0.004686,0.005117,0.004686,0.0,0.0
LeGresley_4908,0.004982,0.006558,0.004982,0.0,0.0
LeGresley_87936,0.009128,0.011113,0.009128,0.0,0.0
Lederberg,0.006782,0.020607,0.006782,0.0,0.0
Lin,0.016248,0.024247,0.016248,0.0,0.0
Linux_call_graph,0.015936,0.041616,0.015936,0.0,0.0
Long_Coup_dt0,0.763624,0.701949,0.701949,1.0,1.0
Long_Coup_dt6,0.763768,0.702089,0.702089,1.0,1.0
M10PI_n,0.004464,0.004167,0.004167,1.0,1.0
M10PI_n1,0.004717,0.004844,0.004717,0.0,0.0
M20PI_n,0.004645,0.004822,0.004645,0.0,0.0
M20PI_n1,0.0045,0.004591,0.0045,0.0,0.0
M40PI_n,0.004554,0.004839,0.004554,0.0,0.0
M40PI_n1,0.00473,0.0049,0.00473,0.0,0.0
M6,0.48094,0.489654,0.426886,0.45924889196586727,0.3337086111390219
M80PI_n,0.005062,0.005064,0.005062,0.0,0.0
M80PI_n1,0.004652,0.004606,0.004606,1.0,1.0
MISKnowledgeMap,0.005892,0.007623,0.005892,0.0,0.0
ML_Geer,0.947574,0.830016,0.830016,1.0,1.0
ML_Laplace,0.24757,0.221391,0.221391,1.0,1.0
Muu,0.005388,0.007462,0.005388,0.0,0.0
NACA0015,0.080786,0.091492,0.080786,0.0,0.0
NLR,0.625107,0.676833,0.547068,0.45924889196586727,0.3337086111390219
Na5,0.006567,0.032751,0.006567,0.0,0.0
NotreDame_www,0.033092,0.012188,0.012188,1.0,1.0
NotreDame_yeast,0.005609,0.009318,0.005609,0.0,0.0
ODLIS,0.004951,0.007549,0.004951,0.0,0.0
OPF_10000,0.007312,0.009145,0.007312,0.0,0.0
OPF_3754,0.00535,0.007879,0.00535,0.0,0.0
OPF_6000,0.006371,0.008814,0.006371,0.0,0.0
Olivetti_norm_10NN,0.004816,0.00673,0.004816,0.0,0.0
Oregon-1,0.03541,0.031487,0.017879,0.44583275285359125,0.09997491581800291
Oregon-2,0.036548,0.022796,0.022469,0.596687189133149,0.26443724181761485
PFlow_742,0.328533,0.298512,0.298512,1.0,1.0
PGPgiantcompo,0.006165,0.024319,0.006165,0.0,0.0
PR02R,0.08259,0.073151,0.073151,1.0,1.0
Pd,0.005062,0.003886,0.003886,1.0,1.0
Plants_10NN,0.004629,0.005581,0.004629,0.0,0.0
Pres_Poisson,0.008291,0.00707,0.00707,1.0,1.0
Queen_4147,2.646859,1000000.0,2.646859,0.0,0.0
RFdevice,0.006809,0.035434,0.006809,0.0,0.0
RM07R,0.334166,0.303988,0.303988,1.0,1.0
Raj1,0.013575,0.03973,0.013575,0.0,0.0
Reuters911,0.009713,0.019224,0.009713,0.0,0.0
Roget,0.004792,0.004966,0.004792,0.0,0.0
S10PI_n,0.00443,0.004403,0.004403,1.0,1.0
S10PI_n1,0.004521,0.004822,0.004521,0.0,0.0
S20PI_n,0.004441,0.005011,0.004441,0.0,0.0
S20PI_n1,0.004596,0.004692,0.004596,0.0,0.0
S40PI_n,0.004491,0.005014,0.004491,0.0,0.0
S40PI_n1,0.00463,0.004608,0.004608,1.0,1.0
S80PI_n,0.004885,0.004907,0.004885,0.0,0.0
S80PI_n1,0.004562,0.00482,0.004562,0.0,0.0
SciMet,0.005788,0.013382,0.005788,0.0,0.0
Serena,0.582093,0.546987,0.546987,1.0,1.0
Si10H16,0.010193,0.029091,0.010193,0.0,0.0
Si2,0.004747,0.006619,0.004747,0.0,0.0
Si34H36,0.055972,0.095569,0.055972,0.0,0.0
Si41Ge41H72,0.137827,0.172548,0.137827,0.0,0.0
Si5H12,0.010035,0.019499,0.010035,0.0,0.0
Si87H76,0.10427,0.10243,0.10243,1.0,1.0
SiH4,0.005916,0.028618,0.005916,0.0,0.0
SiNa,0.005944,0.018991,0.005944,0.0,0.0
SiO,0.013592,0.027189,0.013592,0.0,0.0
SiO2,0.106448,0.104795,0.104795,1.0,1.0
Sieber,0.004428,0.006777,0.004428,0.0,0.0
SmaGri,0.005366,0.0212,0.005366,0.0,0.0
Spectro_10NN,0.004855,0.005028,0.004855,0.0,0.0
Stanford,0.039081,0.073009,0.039081,0.0,0.0
Stanford_Berkeley,2.725353,0.115679,0.115679,1.0,1.0
StocF-1465,0.214016,0.209088,0.209088,1.0,1.0
TEM152078,0.069221,0.061057,0.061057,1.0,1.0
TEM181302,0.080979,0.072007,0.072007,1.0,1.0
TEM27623,0.007469,0.007797,0.007469,0.0,0.0
TS,0.00465,0.004644,0.004644,1.0,1.0
TSC_OPF_1047,0.015218,0.031394,0.015218,0.0,0.0
TSC_OPF_300,0.008733,0.036435,0.008733,0.0,0.0
TSOPF_FS_b162_c1,0.007806,0.013541,0.007806,0.0,0.0
TSOPF_FS_b162_c3,0.014351,0.023087,0.014351,0.0,0.0
TSOPF_FS_b162_c4,0.019001,0.030376,0.019001,0.0,0.0
TSOPF_FS_b300,0.045523,0.064035,0.045523,0.0,0.0
TSOPF_FS_b300_c1,0.045554,0.063931,0.036346,0.8985387955702328,0.4791225967630199
TSOPF_FS_b300_c2,0.080974,0.090376,0.080974,0.0,0.0
TSOPF_FS_b300_c3,0.117143,0.144667,0.117143,0.0,0.0
TSOPF_FS_b39_c19,0.226256,0.042025,0.042025,1.0,1.0
TSOPF_FS_b39_c30,0.374322,0.036804,0.031981,1.0,0.5549780579083583
TSOPF_FS_b39_c7,0.079212,0.017282,0.015947,0.7796910002727695,0.5968501579464871
TSOPF_FS_b9_c1,0.004603,0.047618,0.004603,0.0,0.0
TSOPF_FS_b9_c6,0.046624,0.010039,0.010039,1.0,1.0
TSOPF_RS_b162_c1,0.005693,0.011318,0.005693,0.0,0.0
TSOPF_RS_b162_c3,0.007629,0.010457,0.007629,0.0,0.0
TSOPF_RS_b162_c4,0.008659,0.008338,0.008338,1.0,1.0
TSOPF_RS_b2052_c1,0.064086,0.060733,0.060733,1.0,1.0
TSOPF_RS_b2383,0.136983,0.133842,0.133842,1.0,1.0
TSOPF_RS_b2383_c1,0.13705,0.134112,0.134112,1.0,1.0
TSOPF_RS_b300_c1,0.011971,0.022514,0.011971,0.0,0.0
TSOPF_RS_b300_c2,0.032195,0.035035,0.026572,0.7163544828740871,0.40275255849068914
TSOPF_RS_b300_c3,0.045577,0.057229,0.043858,0.7796910002727695,0.5968501579464871
TSOPF_RS_b39_c19,0.00863,0.006371,0.006371,1.0,1.0
TSOPF_RS_b39_c30,0.011674,0.007766,0.007766,1.0,1.0
TSOPF_RS_b39_c7,0.006068,0.005049,0.005049,1.0,1.0
TSOPF_RS_b678_c1,0.044847,0.042762,0.033716,0.8069481027478184,0.5031578522461584
TSOPF_RS_b678_c2,0.081352,0.07572,0.07572,1.0,1.0
TSOPF_RS_b9_c6,0.005088,0.004515,0.004515,1.0,1.0
Transport,0.22993,1000000.0,0.22993,0.0,0.0
Trefethen_150,0.004239,0.004441,0.004239,0.0,0.0
Trefethen_200,0.00438,0.004205,0.004205,1.0,1.0
Trefethen_2000,0.004705,0.004853,0.004705,0.0,0.0
Trefethen_20000,0.009297,0.007011,0.007011,1.0,1.0
Trefethen_20000b,0.009151,0.006948,0.006948,1.0,1.0
Trefethen_200b,0.004315,0.004577,0.004315,0.0,0.0
Trefethen_300,0.004774,0.004233,0.004233,1.0,1.0
Trefethen_500,0.004633,0.00447,0.00447,1.0,1.0
Trefethen_700,0.004763,0.004654,0.004654,1.0,1.0
USAir97,0.004628,0.012397,0.004628,0.0,0.0
USpowerGrid,0.005236,0.005722,0.005236,0.0,0.0
Vehicle_10NN,0.00454,0.004991,0.00454,0.0,0.0
Wordnet3,0.017764,0.010493,0.010493,1.0,1.0
YaleA_10NN,0.004311,0.004907,0.004311,0.0,0.0
YaleB_10NN,0.004961,0.006914,0.004961,0.0,0.0
Zd_Jac2,0.014811,0.036243,0.014811,0.0,0.0
Zd_Jac2_db,0.00976,0.015779,0.00976,0.0,0.0
Zd_Jac3,0.016521,0.040583,0.016521,0.0,0.0
Zd_Jac3_db,0.009844,0.014424,0.009844,0.0,0.0
Zd_Jac6,0.015121,0.035412,0.015121,0.0,0.0
Zd_Jac6_db,0.00964,0.014125,0.00964,0.0,0.0
Zewail,0.007012,0.021303,0.007012,0.0,0.0
Zhao1,0.005321,0.005914,0.005321,0.0,0.0
Zhao2,0.005391,0.005927,0.005391,0.0,0.0
a0nsdsil,0.232015,0.011083,0.011083,1.0,1.0
a2nnsnsl,0.230814,0.011206,0.011206,1.0,1.0
a5esindl,0.178996,0.009165,0.009165,1.0,1.0
adaptive,0.465023,0.393362,0.393362,1.0,1.0
add20,0.004859,0.011775,0.004859,0.0,0.0
add32,0.004798,0.005795,0.004798,0.0,0.0
adder_dcop_01,0.005028,0.018961,0.005028,0.0,0.0
adder_dcop_02,0.004769,0.018983,0.004769,0.0,0.0
adder_dcop_03,0.004881,0.019689,0.004881,0.0,0.0
adder_dcop_04,0.004984,0.018579,0.004984,0.0,0.0
adder_dcop_05,0.005013,0.019697,0.005013,0.0,0.0
adder_dcop_06,0.004717,0.019334,0.004717,0.0,0.0
adder_dcop_07,0.004683,0.019247,0.004683,0.0,0.0
adder_dcop_08,0.004824,0.018982,0.004824,0.0,0.0
adder_dcop_09,0.0046,0.019291,0.0046,0.0,0.0
adder_dcop_10,0.004939,0.018752,0.004939,0.0,0.0
adder_dcop_11,0.004815,0.019265,0.004815,0.0,0.0
adder_dcop_12,0.004536,0.018726,0.004536,0.0,0.0
adder_dcop_13,0.004618,0.01892,0.004618,0.0,0.0
adder_dcop_14,0.00461,0.01886,0.00461,0.0,0.0
adder_dcop_15,0.004629,0.019012,0.004629,0.0,0.0
adder_dcop_16,0.004798,0.018972,0.004798,0.0,0.0
adder_dcop_17,0.004636,0.018982,0.004636,0.0,0.0
adder_dcop_18,0.004563,0.018663,0.004563,0.0,0.0
adder_dcop_19,0.004646,0.018757,0.004646,0.0,0.0
adder_dcop_20,0.004757,0.018676,0.004757,0.0,0.0
adder_dcop_21,0.004757,0.018926,0.004757,0.0,0.0
adder_dcop_22,0.004598,0.018932,0.004598,0.0,0.0
adder_dcop_23,0.004576,0.01873,0.004576,0.0,0.0
adder_dcop_24,0.004821,0.01872,0.004821,0.0,0.0
adder_dcop_25,0.004593,0.019028,0.004593,0.0,0.0
adder_dcop_26,0.004808,0.018801,0.004808,0.0,0.0
adder_dcop_27,0.004633,0.019143,0.004633,0.0,0.0
adder_dcop_28,0.004538,0.018699,0.004538,0.0,0.0
adder_dcop_29,0.004637,0.01869,0.004637,0.0,0.0
adder_dcop_30,0.004645,0.018979,0.004645,0.0,0.0
adder_dcop_31,0.00463,0.018696,0.00463,0.0,0.0
adder_dcop_32,0.004598,0.018755,0.004598,0.0,0.0
adder_dcop_33,0.004827,0.019159,0.004827,0.0,0.0
adder_dcop_34,0.004691,0.018721,0.004691,0.0,0.0
adder_dcop_35,0.004827,0.018698,0.004827,0.0,0.0
adder_dcop_36,0.004818,0.018968,0.004818,0.0,0.0
adder_dcop_37,0.004609,0.018712,0.004609,0.0,0.0
adder_dcop_38,0.004619,0.018976,0.004619,0.0,0.0
adder_dcop_39,0.004765,0.019095,0.004765,0.0,0.0
adder_dcop_40,0.004599,0.018707,0.004599,0.0,0.0
adder_dcop_41,0.004658,0.018715,0.004658,0.0,0.0
adder_dcop_42,0.004606,0.018779,0.004606,0.0,0.0
adder_dcop_43,0.004722,0.018717,0.004722,0.0,0.0
adder_dcop_44,0.004618,0.01893,0.004618,0.0,0.0
adder_dcop_45,0.004609,0.018701,0.004609,0.0,0.0
adder_dcop_46,0.004606,0.018959,0.004606,0.0,0.0
adder_dcop_47,0.00462,0.018634,0.00462,0.0,0.0
adder_dcop_48,0.004691,0.018785,0.004691,0.0,0.0
adder_dcop_49,0.004664,0.01872,0.004664,0.0,0.0
adder_dcop_50,0.004657,0.019096,0.004657,0.0,0.0
adder_dcop_51,0.004582,0.018875,0.004582,0.0,0.0
adder_dcop_52,0.004599,0.01886,0.004599,0.0,0.0
adder_dcop_53,0.004559,0.019187,0.004559,0.0,0.0
adder_dcop_54,0.004656,0.018789,0.004656,0.0,0.0
adder_dcop_55,0.004604,0.018672,0.004604,0.0,0.0
adder_dcop_56,0.004604,0.018938,0.004604,0.0,0.0
adder_dcop_57,0.00484,0.019117,0.00484,0.0,0.0
adder_dcop_58,0.004628,0.018806,0.004628,0.0,0.0
adder_dcop_59,0.004758,0.018725,0.004758,0.0,0.0
adder_dcop_60,0.004582,0.018973,0.004582,0.0,0.0
adder_dcop_61,0.004665,0.018639,0.004665,0.0,0.0
adder_dcop_62,0.004653,0.018981,0.004653,0.0,0.0
adder_dcop_63,0.004807,0.01886,0.004807,0.0,0.0
adder_dcop_64,0.00459,0.01897,0.00459,0.0,0.0
adder_dcop_65,0.004812,0.018929,0.004812,0.0,0.0
adder_dcop_66,0.004805,0.018989,0.004805,0.0,0.0
adder_dcop_67,0.004604,0.018688,0.004604,0.0,0.0
adder_dcop_68,0.004855,0.019008,0.004855,0.0,0.0
adder_dcop_69,0.004849,0.018963,0.004849,0.0,0.0
adder_trans_01,0.005036,0.033305,0.005036,0.0,0.0
adder_trans_02,0.005121,0.033305,0.005121,0.0,0.0
af23560,0.007375,0.006472,0.006472,1.0,1.0
af_0_k101,0.164345,1000000.0,0.164345,0.0,0.0
af_1_k101,0.164513,1000000.0,0.164513,0.0,0.0
af_2_k101,0.164334,1000000.0,0.164334,0.0,0.0
af_3_k101,0.164391,1000000.0,0.164391,0.0,0.0
af_4_k101,0.164429,1000000.0,0.164429,0.0,0.0
af_5_k101,0.1645,1000000.0,0.1645,0.0,0.0
af_shell1,0.16419,1000000.0,0.16419,0.0,0.0
af_shell10,0.468317,0.438461,0.438461,1.0,1.0
af_shell2,0.164142,1000000.0,0.164142,0.0,0.0
af_shell3,0.164246,1000000.0,0.164246,0.0,0.0
af_shell4,0.164213,1000000.0,0.164213,0.0,0.0
af_shell5,0.164176,1000000.0,0.164176,0.0,0.0
af_shell6,0.164197,1000000.0,0.164197,0.0,0.0
af_shell7,0.16423,1000000.0,0.16423,0.0,0.0
af_shell8,0.164179,1000000.0,0.164179,0.0,0.0
af_shell9,0.164178,1000000.0,0.164178,0.0,0.0
aft01,0.005213,0.006107,0.005213,0.0,0.0
aft02,0.005291,0.010451,0.005291,0.0,0.0
airfoil1,0.004466,0.00439,0.00439,1.0,1.0
airfoil1_dual,0.004651,0.003502,0.003502,1.0,1.0
airfoil_2d,0.006326,0.005732,0.005732,1.0,1.0
ak2010,0.007002,0.028386,0.007002,0.0,0.0
al2010,0.01632,0.021592,0.01632,0.0,0.0
amazon-2008,0.066674,0.05703,0.05703,1.0,1.0
amazon0302,0.015301,0.017393,0.015301,0.0,0.0
amazon0312,0.043327,0.045748,0.043327,0.0,0.0
amazon0505,0.044739,0.047652,0.044739,0.0,0.0
amazon0601,0.044913,0.047834,0.044913,0.0,0.0
analytics,0.021506,0.071381,0.021506,0.0,0.0
apache1,0.0075,0.007988,0.0075,0.0,0.0
apache2,0.063207,0.06085,0.06085,1.0,1.0
appu,0.036066,0.024281,0.024281,1.0,1.0
ar2010,0.012406,0.015362,0.012406,0.0,0.0
arabic-2005,5.600529,1000000.0,5.3293,0.7796910002727695,0.5968501579464871
arc130,0.004367,0.013013,0.004367,0.0,0.0
as-22july06,0.006479,0.021025,0.006479,0.0,0.0
as-735,0.007005,0.03388,0.007005,0.0,0.0
as-Skitter,0.248535,0.281084,0.248535,0.0,0.0
as-caida,0.00766,0.02064,0.00766,0.0,0.0
ash292,0.004429,0.00451,0.004429,0.0,0.0
asia_osm,0.475432,0.420689,0.420689,1.0,1.0
astro-ph,0.007238,0.022859,0.007238,0.0,0.0
atmosmodd,0.105817,0.120553,0.105817,0.0,0.0
atmosmodj,0.105874,0.120522,0.105874,0.0,0.0
atmosmodl,0.121111,0.146707,0.121111,0.0,0.0
atmosmodm,0.121178,0.146593,0.121178,0.0,0.0
audikw_1,0.700615,1000000.0,0.673993,0.7796910002727695,0.5968501579464871
aug2d,0.005678,0.003979,0.003979,1.0,1.0
aug2dc,0.005373,0.003857,0.003857,1.0,1.0
aug3d,0.005489,0.004389,0.004389,1.0,1.0
aug3dcqp,0.005516,0.004905,0.004905,1.0,1.0
auto,0.086597,0.078547,0.078547,1.0,1.0
av41092,0.015848,0.034244,0.015848,0.0,0.0
az2010,0.017111,0.032361,0.017111,0.0,0.0
b2_ss,0.004816,0.004118,0.004118,1.0,1.0
b_dyn,0.00487,0.004298,0.004298,1.0,1.0
barrier2-1,0.044285,0.051364,0.044285,0.0,0.0
barrier2-10,0.044888,0.050172,0.044888,0.0,0.0
barrier2-11,0.044862,0.049916,0.044862,0.0,0.0
barrier2-12,0.044969,0.050041,0.044969,0.0,0.0
barrier2-2,0.044267,0.051765,0.044267,0.0,0.0
barrier2-3,0.044316,0.051741,0.044316,0.0,0.0
barrier2-4,0.044254,0.051511,0.044254,0.0,0.0
barrier2-9,0.044931,0.049776,0.044931,0.0,0.0
barth,0.005361,0.005323,0.005323,1.0,1.0
barth4,0.004771,0.004654,0.004654,1.0,1.0
barth5,0.005049,0.005296,0.005049,0.0,0.0
bauru5727,0.005654,0.006783,0.005654,0.0,0.0
bayer01,0.006439,0.006266,0.006266,1.0,1.0
bayer02,0.005028,0.005383,0.005028,0.0,0.0
bayer03,0.005204,0.005887,0.005204,0.0,0.0
bayer04,0.005886,0.005991,0.005886,0.0,0.0
bayer05,0.004801,0.007062,0.004801,0.0,0.0
bayer06,0.004685,0.007237,0.004685,0.0,0.0
bayer07,0.005063,0.007305,0.005063,0.0,0.0
bayer08,0.00476,0.007121,0.00476,0.0,0.0
bayer09,0.005434,0.005671,0.005434,0.0,0.0
bayer10,0.005075,0.005248,0.005075,0.0,0.0
bbmat,0.014627,0.014957,0.014627,0.0,0.0
bcircuit,0.007019,0.009485,0.007019,0.0,0.0
bcspwr04,0.00442,0.004697,0.00442,0.0,0.0
bcspwr05,0.004863,0.004214,0.004214,1.0,1.0
bcspwr06,0.005135,0.004375,0.004375,1.0,1.0
bcspwr07,0.004972,0.004232,0.004232,1.0,1.0
bcspwr08,0.005155,0.004364,0.004364,1.0,1.0
bcspwr09,0.004949,0.004641,0.004641,1.0,1.0
bcspwr10,0.005086,0.004772,0.004772,1.0,1.0
bcsstk02,0.004559,0.011617,0.004559,0.0,0.0
bcsstk04,0.004479,0.005744,0.004479,0.0,0.0
bcsstk05,0.004549,0.004375,0.004375,1.0,1.0
bcsstk06,0.004441,0.004673,0.004441,0.0,0.0
bcsstk07,0.004434,0.00472,0.004434,0.0,0.0
bcsstk08,0.004834,0.020037,0.004834,0.0,0.0
bcsstk09,0.004504,0.004499,0.004499,1.0,1.0
bcsstk10,0.004609,0.00489,0.004609,0.0,0.0
bcsstk11,0.004834,0.005754,0.004834,0.0,0.0
bcsstk12,0.004695,0.005703,0.004695,0.0,0.0
bcsstk13,0.005085,0.007899,0.005085,0.0,0.0
bcsstk14,0.004872,0.006023,0.004872,0.0,0.0
bcsstk15,0.005469,0.005981,0.005469,0.0,0.0
bcsstk16,0.006029,0.007318,0.006029,0.0,0.0
bcsstk17,0.006809,0.010181,0.006809,0.0,0.0
bcsstk18,0.005491,0.007132,0.005491,0.0,0.0
bcsstk19,0.004567,0.004342,0.004342,1.0,1.0
bcsstk20,0.004362,0.004202,0.004202,1.0,1.0
bcsstk21,0.004679,0.004236,0.004236,1.0,1.0
bcsstk23,0.004825,0.005421,0.004825,0.0,0.0
bcsstk24,0.00536,0.006479,0.00536,0.0,0.0
bcsstk25,0.00625,0.007388,0.00625,0.0,0.0
bcsstk26,0.004829,0.005343,0.004829,0.0,0.0
bcsstk27,0.004794,0.006101,0.004794,0.0,0.0
bcsstk28,0.005582,0.008212,0.005582,0.0,0.0
bcsstk29,0.007782,0.007632,0.007632,1.0,1.0
bcsstk30,0.015742,0.022986,0.015742,0.0,0.0
bcsstk31,0.011844,0.01574,0.011844,0.0,0.0
bcsstk32,0.015793,0.022444,0.015793,0.0,0.0
bcsstk33,0.008001,0.010326,0.008001,0.0,0.0
bcsstk34,0.004481,0.005687,0.004481,0.0,0.0
bcsstk35,0.01227,0.016648,0.01227,0.0,0.0
bcsstk36,0.010963,0.016431,0.010963,0.0,0.0
bcsstk37,0.011105,0.010356,0.010356,1.0,1.0
bcsstk38,0.006369,0.014267,0.006369,0.0,0.0
bcsstk39,0.016334,0.018866,0.016334,0.0,0.0
bcsstm07,0.004681,0.004726,0.004681,0.0,0.0
bcsstm08,0.005007,0.002696,0.002696,1.0,1.0
bcsstm09,0.005173,0.002699,0.002699,1.0,1.0
bcsstm10,0.004441,0.005024,0.004441,0.0,0.0
bcsstm11,0.004784,0.002752,0.002752,1.0,1.0
bcsstm12,0.004617,0.004761,0.004617,0.0,0.0
bcsstm13,0.005297,0.006165,0.005297,0.0,0.0
bcsstm21,0.005148,0.002808,0.002808,1.0,1.0
bcsstm23,0.005202,0.002776,0.002776,1.0,1.0
bcsstm24,0.005171,0.003018,0.003018,1.0,1.0
bcsstm25,0.005612,0.003201,0.003201,1.0,1.0
bcsstm26,0.005199,0.00291,0.00291,1.0,1.0
bcsstm27,0.004988,0.006003,0.004988,0.0,0.0
bcsstm34,0.004501,0.006213,0.004501,0.0,0.0
bcsstm35,0.007332,0.003853,0.003853,1.0,1.0
bcsstm36,0.00638,0.010172,0.00638,0.0,0.0
bcsstm37,0.007104,0.004175,0.004175,1.0,1.0
bcsstm38,0.007158,0.004099,0.004099,1.0,1.0
bcsstm39,0.00578,0.003101,0.003101,1.0,1.0
belgium_osm,0.061479,0.039768,0.039768,1.0,1.0
benzene,0.006402,0.00669,0.006402,0.0,0.0
bfly,0.005673,0.004783,0.004783,1.0,1.0
bfwa398,0.004314,0.004882,0.004314,0.0,0.0
bfwa782,0.004678,0.004915,0.004678,0.0,0.0
bfwb398,0.00421,0.00428,0.00421,0.0,0.0
bfwb782,0.004497,0.004491,0.004491,1.0,1.0
bibd_81_2,0.005325,0.002837,0.002837,1.0,1.0
big,0.00513,0.005325,0.00513,0.0,0.0
big_dual,0.005259,0.00425,0.00425,1.0,1.0
biplane-9,0.005451,0.00386,0.00386,1.0,1.0
bips07_1693,0.005152,0.005976,0.005152,0.0,0.0
bips07_1998,0.005256,0.005657,0.005256,0.0,0.0
bips07_2476,0.005289,0.00549,0.005289,0.0,0.0
bips07_3078,0.005238,0.005534,0.005238,0.0,0.0
bips98_1142,0.005049,0.005622,0.005049,0.0,0.0
bips98_1450,0.005115,0.005714,0.005115,0.0,0.0
bips98_606,0.004957,0.005802,0.004957,0.0,0.0
blckhole,0.004422,0.004189,0.004189,1.0,1.0
blockqp1,0.008274,0.011258,0.008274,0.0,0.0
bloweya,0.005881,0.007482,0.005881,0.0,0.0
bloweybl,0.005668,0.007672,0.005668,0.0,0.0
bloweybq,0.034279,0.00776,0.00776,1.0,1.0
bmw3_2,0.108709,0.108938,0.108709,0.0,0.0
bmw7st_1,0.074184,0.089383,0.074184,0.0,0.0
bmwcra_1,0.102064,0.107483,0.102064,0.0,0.0
bodyy4,0.00521,0.005339,0.00521,0.0,0.0
bodyy5,0.005039,0.005275,0.005039,0.0,0.0
bodyy6,0.005039,0.005157,0.005039,0.0,0.0
bone010,0.619144,1000000.0,0.612534,0.7796910002727695,0.5968501579464871
boneS01,0.069409,0.060959,0.060959,1.0,1.0
boneS10,0.481863,1000000.0,0.481051,0.45064885369073365,0.02378366613946847
boyd1,0.011646,0.015421,0.011646,0.0,0.0
boyd2,0.015411,0.020863,0.015411,0.0,0.0
bp_0,0.005352,0.018939,0.005352,0.0,0.0
bp_1000,0.004819,0.019756,0.004819,0.0,0.0
bp_1200,0.004883,0.018811,0.004883,0.0,0.0
bp_1400,0.005065,0.019356,0.005065,0.0,0.0
bp_1600,0.004926,0.018791,0.004926,0.0,0.0
bp_200,0.004802,0.019306,0.004802,0.0,0.0
bp_400,0.004848,0.020144,0.004848,0.0,0.0
bp_600,0.004944,0.019501,0.004944,0.0,0.0
bp_800,0.005118,0.019259,0.005118,0.0,0.0
brack2,0.009397,0.009865,0.009397,0.0,0.0
brainpc2,0.005594,0.008345,0.005594,0.0,0.0
bratu3d,0.005889,0.005607,0.005607,1.0,1.0
breasttissue_10NN,0.004511,0.004592,0.004511,0.0,0.0
bundle1,0.035596,0.017966,0.017966,1.0,1.0
bundle_adj,2.143666,1000000.0,1.912313,0.45924889196586727,0.3337086111390219
bwm2000,0.004505,0.003563,0.003563,1.0,1.0
c-18,0.004766,0.01735,0.004766,0.0,0.0
c-19,0.005241,0.030213,0.005241,0.0,0.0
c-20,0.005116,0.010398,0.005116,0.0,0.0
c-21,0.006391,0.009671,0.006391,0.0,0.0
c-22,0.004646,0.020686,0.004646,0.0,0.0
c-23,0.006786,0.010335,0.006786,0.0,0.0
c-24,0.005439,0.017906,0.005439,0.0,0.0
c-25,0.005035,0.014511,0.005035,0.0,0.0
c-26,0.005247,0.009443,0.005247,0.0,0.0
c-27,0.006075,0.012679,0.006075,0.0,0.0
c-28,0.004662,0.009973,0.004662,0.0,0.0
c-29,0.006219,0.01448,0.006219,0.0,0.0
c-30,0.020179,0.011976,0.011976,1.0,1.0
c-31,0.005744,0.019008,0.005744,0.0,0.0
c-32,0.021457,0.008208,0.008208,1.0,1.0
c-33,0.00521,0.018847,0.00521,0.0,0.0
c-34,0.005823,0.024245,0.005823,0.0,0.0
c-35,0.005537,0.008737,0.005537,0.0,0.0
c-36,0.005574,0.020903,0.005574,0.0,0.0
c-37,0.005782,0.013237,0.005782,0.0,0.0
c-38,0.006324,0.013827,0.006324,0.0,0.0
c-39,0.005653,0.015773,0.005653,0.0,0.0
c-40,0.005713,0.015906,0.005713,0.0,0.0
c-41,0.005764,0.028064,0.005764,0.0,0.0
c-42,0.005988,0.026506,0.005988,0.0,0.0
c-43,0.005454,0.019215,0.005454,0.0,0.0
c-44,0.005511,0.013362,0.005511,0.0,0.0
c-45,0.043345,0.011134,0.011134,1.0,1.0
c-46,0.005759,0.020347,0.005759,0.0,0.0
c-47,0.00743,0.024687,0.00743,0.0,0.0
c-48,0.006629,0.01469,0.006629,0.0,0.0
c-49,0.005703,0.02005,0.005703,0.0,0.0
c-50,0.006977,0.017205,0.006977,0.0,0.0
c-51,0.006715,0.020282,0.006715,0.0,0.0
c-52,0.006889,0.022733,0.006889,0.0,0.0
c-53,0.007457,0.021573,0.007457,0.0,0.0
c-54,0.008088,0.019225,0.008088,0.0,0.0
c-55,0.008295,0.023009,0.008295,0.0,0.0
c-56,0.00714,0.019824,0.00714,0.0,0.0
c-57,0.117594,0.027431,0.01466,0.7965429868602331,0.18343478986616382
c-58,0.009198,0.017724,0.009198,0.0,0.0
c-59,0.009291,0.017591,0.009291,0.0,0.0
c-60,0.00662,0.014733,0.00662,0.0,0.0
c-61,0.006698,0.014306,0.006698,0.0,0.0
c-62,0.009341,0.021827,0.009341,0.0,0.0
c-62ghs,0.009286,0.021839,0.009286,0.0,0.0
c-63,0.007915,0.02199,0.007915,0.0,0.0
c-64,0.010432,0.023395,0.010432,0.0,0.0
c-64b,0.010329,0.023212,0.010329,0.0,0.0
c-65,0.007079,0.024134,0.007079,0.0,0.0
c-66,0.008483,0.017972,0.008483,0.0,0.0
c-66b,0.008412,0.018029,0.008412,0.0,0.0
c-67,0.00814,0.018551,0.00814,0.0,0.0
c-67b,0.00822,0.018611,0.00822,0.0,0.0
c-68,0.008684,0.023511,0.008684,0.0,0.0
c-69,0.009304,0.01903,0.009304,0.0,0.0
c-70,0.009843,0.021455,0.009843,0.0,0.0
c-71,0.01066,0.024433,0.01066,0.0,0.0
c-72,0.009498,0.01796,0.009498,0.0,0.0
c-73,0.013155,0.021273,0.013155,0.0,0.0
c-73b,0.013175,0.021434,0.013175,0.0,0.0
c-big,0.032487,0.070211,0.032487,0.0,0.0
ca-AstroPh,0.012592,0.023962,0.012592,0.0,0.0
ca-CondMat,0.007832,0.028208,0.007832,0.0,0.0
ca-GrQc,0.005574,0.008946,0.005574,0.0,0.0
ca-HepPh,0.009347,0.019763,0.009347,0.0,0.0
ca-HepTh,0.005846,0.008439,0.005846,0.0,0.0
ca2010,0.053927,0.05995,0.053927,0.0,0.0
cage,0.004352,0.004604,0.004352,0.0,0.0
cage10,0.005739,0.005287,0.005287,1.0,1.0
cage11,0.00904,0.008038,0.008038,1.0,1.0
cage12,0.020811,0.017196,0.017196,1.0,1.0
cage13,0.083193,0.068374,0.068374,1.0,1.0
cage14,0.271111,0.2649,0.2649,1.0,1.0
cage15,0.998475,1000000.0,0.998475,0.0,0.0
cage7,0.004351,0.004392,0.004351,0.0,0.0
cage8,0.004617,0.004436,0.004436,1.0,1.0
cage9,0.004975,0.00504,0.004975,0.0,0.0
caidaRouterLevel,0.019059,0.042597,0.019059,0.0,0.0
can_1054,0.004614,0.005334,0.004614,0.0,0.0
can_1072,0.004733,0.005417,0.004733,0.0,0.0
can_144,0.004384,0.00385,0.00385,1.0,1.0
can_161,0.004249,0.004856,0.004249,0.0,0.0
can_187,0.004086,0.003992,0.003992,1.0,1.0
can_229,0.004221,0.004426,0.004221,0.0,0.0
can_256,0.004698,0.010195,0.004698,0.0,0.0
can_268,0.004572,0.005757,0.004572,0.0,0.0
can_292,0.004424,0.006594,0.004424,0.0,0.0
can_445,0.004333,0.004373,0.004333,0.0,0.0
can_634,0.004466,0.004649,0.004466,0.0,0.0
can_715,0.004352,0.017294,0.004352,0.0,0.0
can_838,0.004546,0.005465,0.004546,0.0,0.0
cant,0.044894,0.040391,0.038186,0.45924889196586727,0.3337086111390219
case39,0.109545,0.015257,0.015257,1.0,1.0
case9,0.04661,0.010318,0.010318,1.0,1.0
cavity01,0.004739,0.005779,0.004739,0.0,0.0
cavity02,0.004603,0.006426,0.004603,0.0,0.0
cavity03,0.004581,0.005688,0.004581,0.0,0.0
cavity04,0.004442,0.006497,0.004442,0.0,0.0
cavity05,0.004626,0.006606,0.004626,0.0,0.0
cavity06,0.004809,0.008685,0.004809,0.0,0.0
cavity07,0.004606,0.006595,0.004606,0.0,0.0
cavity08,0.004783,0.008495,0.004783,0.0,0.0
cavity09,0.004628,0.006687,0.004628,0.0,0.0
cavity10,0.005211,0.006596,0.005211,0.0,0.0
cavity11,0.005053,0.006666,0.005053,0.0,0.0
cavity12,0.005066,0.006587,0.005066,0.0,0.0
cavity13,0.005125,0.006667,0.005125,0.0,0.0
cavity14,0.00522,0.006664,0.00522,0.0,0.0
cavity15,0.005117,0.006752,0.005117,0.0,0.0
cavity16,0.00535,0.007283,0.00535,0.0,0.0
cavity17,0.005383,0.008167,0.005383,0.0,0.0
cavity18,0.005335,0.007349,0.005335,0.0,0.0
cavity19,0.005459,0.008202,0.005459,0.0,0.0
cavity20,0.005435,0.007235,0.005435,0.0,0.0
cavity21,0.005437,0.00829,0.005437,0.0,0.0
cavity22,0.005544,0.007255,0.005544,0.0,0.0
cavity23,0.005487,0.008105,0.005487,0.0,0.0
cavity24,0.005335,0.007402,0.005335,0.0,0.0
cavity25,0.005479,0.008303,0.005479,0.0,0.0
cavity26,0.005319,0.007243,0.005319,0.0,0.0
cbuckle,0.007957,0.010402,0.007957,0.0,0.0
cca,0.005578,0.004716,0.004716,1.0,1.0
ccc,0.005499,0.004583,0.004583,1.0,1.0
cdde1,0.004158,0.004044,0.004044,1.0,1.0
cdde2,0.004059,0.003829,0.003829,1.0,1.0
cdde3,0.004266,0.003944,0.003944,1.0,1.0
cdde4,0.004044,0.004008,0.004008,1.0,1.0
cdde5,0.004136,0.003743,0.003743,1.0,1.0
cdde6,0.004352,0.003949,0.003949,1.0,1.0
cegb2802,0.005768,0.010675,0.005768,0.0,0.0
cegb2919,0.006006,0.019505,0.006006,0.0,0.0
cegb3024,0.005014,0.006847,0.005014,0.0,0.0
cegb3306,0.005182,0.006003,0.005182,0.0,0.0
celegans_metabolic,0.004835,0.023466,0.004835,0.0,0.0
celegansneural,0.004512,0.005998,0.004512,0.0,0.0
cell1,0.0046,0.004059,0.004059,1.0,1.0
cell2,0.004343,0.00424,0.00424,1.0,1.0
cfd1,0.016235,0.011721,0.011721,1.0,1.0
cfd2,0.039188,0.03342,0.023983,0.49806784676924243,0.4814199666031727
ch5-5-b3,0.004106,0.003377,0.003377,1.0,1.0
ch7-8-b5,0.009588,0.00982,0.009588,0.0,0.0
channel-500x100x100-b050,0.790222,0.788088,0.788088,1.0,1.0
chem_master1,0.005279,0.007509,0.005279,0.0,0.0
chipcool0,0.007643,0.007189,0.007189,1.0,1.0
chipcool1,0.007619,0.007234,0.007234,1.0,1.0
circuit204,0.004463,0.004444,0.004444,1.0,1.0
circuit5M,0.663736,1000000.0,0.663736,0.0,0.0
circuit5M_dc,0.257507,0.266902,0.257507,0.0,0.0
circuit_1,0.004884,0.013694,0.004884,0.0,0.0
circuit_2,0.004638,0.029797,0.004638,0.0,0.0
circuit_3,0.005466,0.028656,0.005466,0.0,0.0
circuit_4,0.006904,0.02322,0.006904,0.0,0.0
cit-HepPh,0.011186,0.027099,0.011186,0.0,0.0
cit-HepTh,0.011155,0.024879,0.011155,0.0,0.0
cit-Patents,0.324043,0.308817,0.299948,1.0,0.0
citationCiteseer,0.039211,0.078266,0.039211,0.0,0.0
ck400,0.004363,0.004113,0.004113,1.0,1.0
ck656,0.004488,0.004189,0.004189,1.0,1.0
ckt11752_dc_1,0.007812,0.02361,0.007812,0.0,0.0
ckt11752_tr_0,0.007673,0.023659,0.007673,0.0,0.0
cnae9_10NN,0.004919,0.020645,0.004919,0.0,0.0
cnr-2000,0.047606,0.080181,0.03914,0.45924889196586727,0.3337086111390219
co2010,0.01432,0.026299,0.01432,0.0,0.0
coAuthorsCiteseer,0.016763,0.043926,0.016763,0.0,0.0
coAuthorsDBLP,0.023647,0.061279,0.023647,0.0,0.0
coPapersCiteseer,0.300079,0.270734,0.270734,1.0,1.0
coPapersDBLP,0.293617,0.280011,0.264377,0.9917082967566174,0.9522629776901126
coater1,0.004919,0.005963,0.004919,0.0,0.0
coater2,0.005944,0.007186,0.005944,0.0,0.0
collins_15NN,0.004578,0.004567,0.004567,1.0,1.0
com-Amazon,0.029526,0.057418,0.029526,0.0,0.0
com-DBLP,0.031296,0.067487,0.031296,0.0,0.0
com-LiveJournal,1.030443,0.907555,0.907555,1.0,1.0
com-Orkut,5.981885,2.879446,2.879446,1.0,1.0
com-Youtube,0.084842,0.10851,0.084842,0.0,0.0
commanche_dual,0.004428,0.003657,0.003657,1.0,1.0
comsol,0.006388,0.012278,0.006388,0.0,0.0
cond-mat,0.006314,0.011934,0.006314,0.0,0.0
cond-mat-2003,0.007987,0.017988,0.007987,0.0,0.0
cond-mat-2005,0.009211,0.021832,0.009211,0.0,0.0
conf5_0-4x4-10,0.005089,0.005495,0.005089,0.0,0.0
conf5_0-4x4-14,0.005119,0.005508,0.005119,0.0,0.0
conf5_0-4x4-18,0.005107,0.005732,0.005107,0.0,0.0
conf5_0-4x4-22,0.005124,0.005586,0.005124,0.0,0.0
conf5_0-4x4-26,0.005149,0.005476,0.005149,0.0,0.0
conf5_4-8x8-05,0.015942,0.016238,0.015942,0.0,0.0
conf5_4-8x8-10,0.015836,0.01612,0.015836,0.0,0.0
conf5_4-8x8-15,0.015844,0.016139,0.015844,0.0,0.0
conf5_4-8x8-20,0.015851,0.016195,0.015851,0.0,0.0
conf6_0-4x4-20,0.005152,0.005757,0.005152,0.0,0.0
conf6_0-4x4-30,0.005355,0.005496,0.005355,0.0,0.0
conf6_0-8x8-20,0.015947,0.016241,0.015947,0.0,0.0
conf6_0-8x8-30,0.015888,0.016234,0.015888,0.0,0.0
conf6_0-8x8-80,0.015872,0.016239,0.015872,0.0,0.0
consph,0.062131,0.061017,0.061017,1.0,1.0
cont-201,0.006951,0.007284,0.006951,0.0,0.0
cont-300,0.010805,0.010389,0.010389,1.0,1.0
cop20k_A,0.111608,0.032204,0.032204,1.0,1.0
copter1,0.005767,0.005934,0.005767,0.0,0.0
copter2,0.009857,0.010719,0.009857,0.0,0.0
coupled,0.006284,0.01149,0.006284,0.0,0.0
crack,0.005227,0.004707,0.004707,1.0,1.0
crack_dual,0.004961,0.003953,0.003953,1.0,1.0
crankseg_1,0.098508,0.104911,0.098508,0.0,0.0
crankseg_2,0.128219,0.135422,0.128219,0.0,0.0
crashbasis,0.015086,0.015688,0.015086,0.0,0.0
crplat2,0.010029,0.008318,0.008318,1.0,1.0
cryg10000,0.004545,0.004266,0.004266,1.0,1.0
cryg2500,0.004207,0.003921,0.003921,1.0,1.0
crystk01,0.006094,0.011892,0.006094,0.0,0.0
crystk02,0.010405,0.00828,0.00828,1.0,1.0
crystk03,0.01386,0.011763,0.011763,1.0,1.0
crystm01,0.005266,0.006061,0.005266,0.0,0.0
crystm02,0.006381,0.006343,0.006343,1.0,1.0
crystm03,0.008043,0.007119,0.007119,1.0,1.0
cs4,0.006339,0.005273,0.005273,1.0,1.0
ct2010,0.008255,0.011616,0.008255,0.0,0.0
ct20stif,0.02952,0.039358,0.024774,0.45924889196586727,0.3337086111390219
cti,0.005078,0.00509,0.005078,0.0,0.0
cvxbqp1,0.007068,0.008929,0.007068,0.0,0.0
cvxqp3,0.005977,0.005623,0.005623,1.0,1.0
cyl6,0.007942,0.010184,0.007942,0.0,0.0
cz10228,0.005327,0.006128,0.005327,0.0,0.0
cz1268,0.004632,0.005661,0.004632,0.0,0.0
cz148,0.004302,0.005253,0.004302,0.0,0.0
cz20468,0.005737,0.006584,0.005737,0.0,0.0
cz2548,0.004692,0.005137,0.004692,0.0,0.0
cz308,0.004377,0.004948,0.004377,0.0,0.0
cz40948,0.007217,0.007758,0.007217,0.0,0.0
cz5108,0.004839,0.005128,0.004839,0.0,0.0
cz628,0.004643,0.00547,0.004643,0.0,0.0
d_pretok,0.014816,0.01446,0.01446,1.0,1.0
darcy003,0.026616,0.031466,0.024428,0.8682152953430587,0.5575154849180142
data,0.0045,0.004603,0.0045,0.0,0.0
dataset12mfeatfactors_10NN,0.004761,0.005628,0.004761,0.0,0.0
dataset16mfeatkarhunen_10NN,0.00466,0.005513,0.00466,0.0,0.0
dataset18mfeatmorphological_10NN,0.004864,0.004668,0.004668,1.0,1.0
dataset20mfeatpixel_10NN,0.004921,0.007017,0.004921,0.0,0.0
dataset22mfeatzernike_10NN,0.004814,0.006745,0.004814,0.0,0.0
dawson5,0.011572,0.010425,0.010425,1.0,1.0
dblp-2010,0.018174,0.042027,0.018174,0.0,0.0
dc1,0.010202,0.026341,0.010202,0.0,0.0
dc2,0.010123,0.026233,0.010123,0.0,0.0
dc3,0.010186,0.026455,0.010186,0.0,0.0
de2010,0.006253,0.007596,0.006253,0.0,0.0
debr,0.066569,0.040758,0.040758,1.0,1.0
delaunay_n10,0.004294,0.004579,0.004294,0.0,0.0
delaunay_n11,0.004601,0.004392,0.004392,1.0,1.0
delaunay_n12,0.004392,0.00477,0.004392,0.0,0.0
delaunay_n13,0.004893,0.005079,0.004893,0.0,0.0
delaunay_n14,0.005025,0.005812,0.005025,0.0,0.0
delaunay_n15,0.005658,0.006777,0.005658,0.0,0.0
delaunay_n16,0.006967,0.009064,0.006967,0.0,0.0
delaunay_n17,0.009338,0.010018,0.009338,0.0,0.0
delaunay_n18,0.014504,0.018593,0.014504,0.0,0.0
delaunay_n19,0.045074,0.039141,0.038592,0.9651914358690344,0.45695412095643057
delaunay_n20,0.086384,0.078756,0.076521,0.8216294672504367,0.816807308234474
delaunay_n21,0.167291,0.174283,0.167291,0.0,0.0
delaunay_n22,0.333659,0.476515,0.333659,0.0,0.0
delaunay_n23,0.66558,1.101117,0.66558,0.0,0.0
delaunay_n24,1.326277,2.271499,1.326277,0.0,0.0
dendrimer,0.005062,0.013438,0.005062,0.0,0.0
denormal,0.011309,0.009891,0.009891,1.0,1.0
dermatology_5NN,0.004315,0.004455,0.004315,0.0,0.0
descriptor_xingo6u,0.005968,0.006186,0.005968,0.0,0.0
dgreen,0.483563,0.40583,0.40583,1.0,1.0
diag,0.004991,0.003533,0.003533,1.0,1.0
dictionary28,0.008986,0.007613,0.007613,1.0,1.0
dielFilterV2clx,0.238602,0.199791,0.199791,1.0,1.0
dielFilterV2real,0.446791,0.408459,0.408459,1.0,1.0
dielFilterV3clx,0.300496,0.269352,0.269352,1.0,1.0
dielFilterV3real,0.800695,0.724599,0.724599,1.0,1.0
dixmaanl,0.005973,0.005365,0.005365,1.0,1.0
dtoc,0.005632,0.00371,0.00371,1.0,1.0
dw1024,0.004303,0.003827,0.003827,1.0,1.0
dw2048,0.004141,0.003972,0.003972,1.0,1.0
dw256A,0.004166,0.003716,0.003716,1.0,1.0
dw256B,0.004265,0.004162,0.004162,1.0,1.0
dw4096,0.004446,0.004425,0.004425,1.0,1.0
dw8192,0.004637,0.004221,0.004221,1.0,1.0
dwa512,0.004157,0.003858,0.003858,1.0,1.0
dwb512,0.004424,0.003851,0.003851,1.0,1.0
dwg961a,0.004439,0.004067,0.004067,1.0,1.0
dwg961b,0.004418,0.004979,0.004418,0.0,0.0
dwt_1005,0.004382,0.00461,0.004382,0.0,0.0
dwt_1007,0.004503,0.004137,0.004137,1.0,1.0
dwt_1242,0.004412,0.004384,0.004384,1.0,1.0
dwt_162,0.004246,0.004075,0.004075,1.0,1.0
dwt_193,0.00441,0.004812,0.00441,0.0,0.0
dwt_198,0.004268,0.00439,0.004268,0.0,0.0
dwt_209,0.004445,0.004694,0.004445,0.0,0.0
dwt_221,0.004277,0.004257,0.004257,1.0,1.0
dwt_245,0.004207,0.00438,0.004207,0.0,0.0
dwt_2680,0.004583,0.004772,0.004583,0.0,0.0
dwt_307,0.004198,0.004056,0.004056,1.0,1.0
dwt_310,0.004529,0.004277,0.004277,1.0,1.0
dwt_346,0.004441,0.004405,0.004405,1.0,1.0
dwt_361,0.004383,0.00403,0.00403,1.0,1.0
dwt_419,0.00442,0.004261,0.004261,1.0,1.0
dwt_492,0.004449,0.004311,0.004311,1.0,1.0
dwt_503,0.004527,0.005222,0.004527,0.0,0.0
dwt_512,0.00492,0.004759,0.004759,1.0,1.0
dwt_592,0.004474,0.004539,0.004474,0.0,0.0
dwt_607,0.004327,0.004527,0.004327,0.0,0.0
dwt_758,0.004168,0.004205,0.004168,0.0,0.0
dwt_869,0.004278,0.004451,0.004278,0.0,0.0
dwt_878,0.00449,0.004228,0.004228,1.0,1.0
dwt_918,0.004214,0.004199,0.004199,1.0,1.0
dwt_992,0.00442,0.004935,0.00442,0.0,0.0
dynamicSoaringProblem_1,0.005185,0.028027,0.005185,0.0,0.0
dynamicSoaringProblem_2,0.006298,0.007742,0.006298,0.0,0.0
dynamicSoaringProblem_3,0.005576,0.007697,0.005576,0.0,0.0
dynamicSoaringProblem_4,0.00618,0.007825,0.00618,0.0,0.0
dynamicSoaringProblem_5,0.005013,0.0081,0.005013,0.0,0.0
dynamicSoaringProblem_6,0.005191,0.00781,0.005191,0.0,0.0
dynamicSoaringProblem_7,0.00589,0.007725,0.00589,0.0,0.0
dynamicSoaringProblem_8,0.005636,0.007667,0.005636,0.0,0.0
e40r0100,0.007944,0.008098,0.007944,0.0,0.0
ecl32,0.007638,0.008462,0.007638,0.0,0.0
ecology1,0.068934,0.061565,0.061565,1.0,1.0
ecology2,0.068862,0.061531,0.061531,1.0,1.0
email,0.004629,0.007651,0.004629,0.0,0.0
email-Enron,0.008771,0.020402,0.008771,0.0,0.0
email-Eu-core,0.004947,0.019826,0.004947,0.0,0.0
email-Eu-core-temporal,0.005113,0.020191,0.005113,0.0,0.0
email-EuAll,0.011085,0.021027,0.011085,0.0,0.0
engine,0.052508,0.061619,0.052508,0.0,0.0
enron,0.01012,0.018491,0.01012,0.0,0.0
epb0,0.004785,0.004431,0.004431,1.0,1.0
epb1,0.004905,0.004977,0.004905,0.0,0.0
epb2,0.005726,0.010647,0.005726,0.0,0.0
epb3,0.00674,0.007484,0.00674,0.0,0.0
eris1176,0.005002,0.008513,0.005002,0.0,0.0
eu-2005,0.198907,0.212189,0.195644,0.44583275285359125,0.09997491581800291
europe_osm,2.153968,2.066286,2.066286,1.0,1.0
eurqsa,0.004965,0.005386,0.004965,0.0,0.0
ex1,0.004605,0.005534,0.004605,0.0,0.0
ex10,0.004865,0.006045,0.004865,0.0,0.0
ex10hs,0.004862,0.006197,0.004862,0.0,0.0
ex11,0.011238,0.009069,0.009069,1.0,1.0
ex12,0.005268,0.005472,0.005268,0.0,0.0
ex13,0.004994,0.005965,0.004994,0.0,0.0
ex14,0.005094,0.006206,0.005094,0.0,0.0
ex15,0.005288,0.004968,0.004968,1.0,1.0
ex18,0.005218,0.004988,0.004988,1.0,1.0
ex19,0.006405,0.006481,0.006405,0.0,0.0
ex2,0.004574,0.009335,0.004574,0.0,0.0
ex20,0.005368,0.007158,0.005368,0.0,0.0
ex21,0.004586,0.006145,0.004586,0.0,0.0
ex22,0.004469,0.006796,0.004469,0.0,0.0
ex23,0.004943,0.006358,0.004943,0.0,0.0
ex24,0.004762,0.006149,0.004762,0.0,0.0
ex25,0.004654,0.006258,0.004654,0.0,0.0
ex26,0.005285,0.014842,0.005285,0.0,0.0
ex27,0.004651,0.011588,0.004651,0.0,0.0
ex28,0.005262,0.006522,0.005262,0.0,0.0
ex29,0.004464,0.004335,0.004335,1.0,1.0
ex3,0.004821,0.006972,0.004821,0.0,0.0
ex31,0.005135,0.006869,0.005135,0.0,0.0
ex32,0.004521,0.004628,0.004521,0.0,0.0
ex33,0.004645,0.004737,0.004645,0.0,0.0
ex35,0.005806,0.005476,0.005476,1.0,1.0
ex36,0.005006,0.005185,0.005006,0.0,0.0
ex37,0.005089,0.007726,0.005089,0.0,0.0
ex3sta1,0.009055,0.024251,0.009055,0.0,0.0
ex4,0.004685,0.005631,0.004685,0.0,0.0
ex40,0.007218,0.008275,0.007218,0.0,0.0
ex6,0.004989,0.00661,0.004989,0.0,0.0
ex7,0.005152,0.006689,0.005152,0.0,0.0
ex8,0.00518,0.007074,0.00518,0.0,0.0
ex9,0.005349,0.006515,0.005349,0.0,0.0
exdata_1,0.016465,0.017752,0.016465,0.0,0.0
extr1,0.005217,0.004408,0.004408,1.0,1.0
extr1b,0.005259,0.004195,0.004195,1.0,1.0
fcondp2,0.107002,0.098393,0.098393,1.0,1.0
fd12,0.004681,0.004434,0.004434,1.0,1.0
fd15,0.004977,0.004305,0.004305,1.0,1.0
fd18,0.005183,0.004539,0.004539,1.0,1.0
fe_4elt2,0.004871,0.004987,0.004871,0.0,0.0
fe_body,0.006346,0.007993,0.006346,0.0,0.0
fe_ocean,0.00938,0.009351,0.009351,1.0,1.0
fe_rotor,0.014229,0.02747,0.014229,0.0,0.0
fe_sphere,0.004969,0.005181,0.004969,0.0,0.0
fe_tooth,0.010796,0.011804,0.010796,0.0,0.0
fem_filter,0.015593,0.019101,0.015593,0.0,0.0
fem_hifreq_circuit,0.196873,0.164503,0.164503,1.0,1.0
filter2D,0.004492,0.004114,0.004114,1.0,1.0
filter3D,0.032314,0.04055,0.031189,0.45924889196586727,0.3337086111390219
finan512,0.008335,0.010328,0.008335,0.0,0.0
finance256,0.006359,0.007612,0.006359,0.0,0.0
fl2010,0.038328,0.057103,0.037931,0.45924889196586727,0.3337086111390219
flickr,0.152709,0.134482,0.134482,1.0,1.0
flowmeter0,0.004766,0.004946,0.004766,0.0,0.0
flowmeter5,0.004779,0.004798,0.004779,0.0,0.0
foldoc,0.006237,0.016325,0.006237,0.0,0.0
football,0.004305,0.003951,0.003951,1.0,1.0
ford1,0.005022,0.005643,0.005022,0.0,0.0
ford2,0.00786,0.007949,0.00786,0.0,0.0
fp,0.010083,0.015741,0.010083,0.0,0.0
fpga_dcop_01,0.00451,0.004933,0.00451,0.0,0.0
fpga_dcop_02,0.004529,0.004786,0.004529,0.0,0.0
fpga_dcop_03,0.004676,0.004719,0.004676,0.0,0.0
fpga_dcop_04,0.004653,0.004686,0.004653,0.0,0.0
fpga_dcop_05,0.004763,0.004674,0.004674,1.0,1.0
fpga_dcop_06,0.0045,0.00471,0.0045,0.0,0.0
fpga_dcop_07,0.00473,0.004856,0.00473,0.0,0.0
fpga_dcop_08,0.004727,0.004892,0.004727,0.0,0.0
fpga_dcop_09,0.004637,0.004747,0.004637,0.0,0.0
fpga_dcop_10,0.0047,0.004674,0.004674,1.0,1.0
fpga_dcop_11,0.004689,0.004936,0.004689,0.0,0.0
fpga_dcop_12,0.004538,0.004675,0.004538,0.0,0.0
fpga_dcop_13,0.004502,0.004942,0.004502,0.0,0.0
fpga_dcop_14,0.004568,0.004881,0.004568,0.0,0.0
fpga_dcop_15,0.004525,0.004767,0.004525,0.0,0.0
fpga_dcop_16,0.004516,0.004737,0.004516,0.0,0.0
fpga_dcop_17,0.00454,0.004933,0.00454,0.0,0.0
fpga_dcop_18,0.00476,0.004633,0.004633,1.0,1.0
fpga_dcop_19,0.004749,0.004704,0.004704,1.0,1.0
fpga_dcop_20,0.004639,0.004734,0.004639,0.0,0.0
fpga_dcop_21,0.004579,0.004674,0.004579,0.0,0.0
fpga_dcop_22,0.004752,0.004904,0.004752,0.0,0.0
fpga_dcop_23,0.004631,0.004691,0.004631,0.0,0.0
fpga_dcop_24,0.004507,0.004731,0.004507,0.0,0.0
fpga_dcop_25,0.004543,0.004762,0.004543,0.0,0.0
fpga_dcop_26,0.004449,0.004654,0.004449,0.0,0.0
fpga_dcop_27,0.004735,0.004763,0.004735,0.0,0.0
fpga_dcop_28,0.0045,0.004753,0.0045,0.0,0.0
fpga_dcop_29,0.004511,0.004782,0.004511,0.0,0.0
fpga_dcop_30,0.0045,0.00493,0.0045,0.0,0.0
fpga_dcop_31,0.004585,0.004734,0.004585,0.0,0.0
fpga_dcop_32,0.004541,0.00495,0.004541,0.0,0.0
fpga_dcop_33,0.004686,0.004946,0.004686,0.0,0.0
fpga_dcop_34,0.004701,0.004946,0.004701,0.0,0.0
fpga_dcop_35,0.004517,0.00476,0.004517,0.0,0.0
fpga_dcop_36,0.0045,0.004909,0.0045,0.0,0.0
fpga_dcop_37,0.00454,0.004705,0.00454,0.0,0.0
fpga_dcop_38,0.004572,0.004795,0.004572,0.0,0.0
fpga_dcop_39,0.004485,0.004685,0.004485,0.0,0.0
fpga_dcop_40,0.004731,0.004724,0.004724,1.0,1.0
fpga_dcop_41,0.0045,0.004659,0.0045,0.0,0.0
fpga_dcop_42,0.00454,0.004717,0.00454,0.0,0.0
fpga_dcop_43,0.00469,0.004687,0.004687,1.0,1.0
fpga_dcop_44,0.00474,0.004786,0.00474,0.0,0.0
fpga_dcop_45,0.004593,0.004741,0.004593,0.0,0.0
fpga_dcop_46,0.004441,0.004947,0.004441,0.0,0.0
fpga_dcop_47,0.004633,0.004767,0.004633,0.0,0.0
fpga_dcop_48,0.004785,0.004932,0.004785,0.0,0.0
fpga_dcop_49,0.004475,0.004942,0.004475,0.0,0.0
fpga_dcop_50,0.004488,0.004909,0.004488,0.0,0.0
fpga_dcop_51,0.004531,0.004655,0.004531,0.0,0.0
fpga_trans_01,0.004597,0.006977,0.004597,0.0,0.0
fpga_trans_02,0.004607,0.006908,0.004607,0.0,0.0
freeFlyingRobot_1,0.005165,0.017026,0.005165,0.0,0.0
freeFlyingRobot_10,0.005112,0.008426,0.005112,0.0,0.0
freeFlyingRobot_11,0.00479,0.007934,0.00479,0.0,0.0
freeFlyingRobot_12,0.005468,0.008201,0.005468,0.0,0.0
freeFlyingRobot_13,0.00632,0.008312,0.00632,0.0,0.0
freeFlyingRobot_14,0.005078,0.008004,0.005078,0.0,0.0
freeFlyingRobot_15,0.005159,0.007722,0.005159,0.0,0.0
freeFlyingRobot_16,0.005588,0.008254,0.005588,0.0,0.0
freeFlyingRobot_2,0.005188,0.007629,0.005188,0.0,0.0
freeFlyingRobot_3,0.005032,0.007467,0.005032,0.0,0.0
freeFlyingRobot_4,0.004646,0.007775,0.004646,0.0,0.0
freeFlyingRobot_5,0.00508,0.008417,0.00508,0.0,0.0
freeFlyingRobot_6,0.004796,0.008263,0.004796,0.0,0.0
freeFlyingRobot_7,0.005261,0.008212,0.005261,0.0,0.0
freeFlyingRobot_8,0.00584,0.008377,0.00584,0.0,0.0
freeFlyingRobot_9,0.005681,0.007939,0.005681,0.0,0.0
fs_183_3,0.004722,0.00951,0.004722,0.0,0.0
fs_183_4,0.004723,0.009534,0.004723,0.0,0.0
fs_183_6,0.004767,0.009468,0.004767,0.0,0.0
fs_541_1,0.004315,0.004425,0.004315,0.0,0.0
fs_541_2,0.004294,0.004175,0.004175,1.0,1.0
fs_541_3,0.004568,0.004196,0.004196,1.0,1.0
fs_541_4,0.004362,0.004179,0.004179,1.0,1.0
fs_680_1,0.0045,0.00386,0.00386,1.0,1.0
fs_680_2,0.004382,0.003868,0.003868,1.0,1.0
fs_680_3,0.004381,0.003825,0.003825,1.0,1.0
fs_760_1,0.00439,0.004326,0.004326,1.0,1.0
fs_760_2,0.004492,0.004378,0.004378,1.0,1.0
fs_760_3,0.004394,0.004394,0.004394,0.0,0.0
fullb,0.112918,0.099739,0.099739,1.0,1.0
fv1,0.004887,0.004673,0.004673,1.0,1.0
fv2,0.005038,0.004881,0.004881,1.0,1.0
fv3,0.004904,0.004867,0.004867,1.0,1.0
fxm3_6,0.005327,0.012587,0.005327,0.0,0.0
fxm4_6,0.007636,0.04125,0.007636,0.0,0.0
g3rmt3m3,0.005692,0.006121,0.005692,0.0,0.0
g7jac010,0.004861,0.004782,0.004782,1.0,1.0
g7jac010sc,0.00471,0.00475,0.00471,0.0,0.0
g7jac020,0.004929,0.006433,0.004929,0.0,0.0
g7jac020sc,0.004957,0.006616,0.004957,0.0,0.0
g7jac040,0.005966,0.008753,0.005966,0.0,0.0
g7jac040sc,0.005855,0.00893,0.005855,0.0,0.0
g7jac050sc,0.006136,0.009982,0.006136,0.0,0.0
g7jac060,0.006901,0.010302,0.006901,0.0,0.0
g7jac060sc,0.00679,0.010394,0.00679,0.0,0.0
g7jac080,0.007234,0.010505,0.007234,0.0,0.0
g7jac080sc,0.007225,0.010476,0.007225,0.0,0.0
g7jac100,0.007753,0.011392,0.007753,0.0,0.0
g7jac100sc,0.00775,0.011345,0.00775,0.0,0.0
g7jac120,0.008627,0.011271,0.008627,0.0,0.0
g7jac120sc,0.008707,0.011277,0.008707,0.0,0.0
g7jac140,0.009144,0.011711,0.009144,0.0,0.0
g7jac140sc,0.009188,0.011795,0.009188,0.0,0.0
g7jac160,0.009767,0.012062,0.009767,0.0,0.0
g7jac160sc,0.009852,0.012056,0.009852,0.0,0.0
g7jac180,0.010751,0.01222,0.010751,0.0,0.0
g7jac180sc,0.010769,0.012191,0.010769,0.0,0.0
g7jac200,0.011045,0.012241,0.011045,0.0,0.0
g7jac200sc,0.011058,0.012324,0.011058,0.0,0.0
ga2010,0.016875,0.02263,0.016875,0.0,0.0
garon1,0.005276,0.00638,0.005276,0.0,0.0
garon2,0.007039,0.006903,0.006903,1.0,1.0
gas_sensor,0.014736,0.009986,0.009986,1.0,1.0
gearbox,0.088173,0.082126,0.082126,1.0,1.0
gemat11,0.004835,0.005388,0.004835,0.0,0.0
gemat12,0.004592,0.007498,0.004592,0.0,0.0
geom,0.005955,0.009774,0.005955,0.0,0.0
germany_osm,0.513923,0.47755,0.47755,1.0,1.0
goddardRocketProblem_1,0.004659,0.039603,0.004659,0.0,0.0
goddardRocketProblem_2,0.005126,0.046003,0.005126,0.0,0.0
goodwin,0.006337,0.008777,0.006337,0.0,0.0
gr_30_30,0.00425,0.004164,0.004164,1.0,1.0
graham1,0.006468,0.017989,0.006468,0.0,0.0
gre_1107,0.004192,0.004037,0.004037,1.0,1.0
gre_343,0.004167,0.00393,0.00393,1.0,1.0
gre_512,0.004463,0.003653,0.003653,1.0,1.0
great-britain_osm,0.325921,0.291771,0.291771,1.0,1.0
grid2,0.004984,0.00408,0.00408,1.0,1.0
grid2_dual,0.004864,0.003345,0.003345,1.0,1.0
gridgena,0.007405,0.00871,0.007405,0.0,0.0
gsm_106857,0.2022,0.175411,0.175411,1.0,1.0
gupta1,0.018596,0.04064,0.018596,0.0,0.0
gupta2,0.045674,0.092479,0.045674,0.0,0.0
gupta3,0.085073,0.100095,0.085073,0.0,0.0
gyro,0.011249,0.019072,0.011249,0.0,0.0
gyro_k,0.01119,0.018989,0.01119,0.0,0.0
gyro_m,0.006951,0.011142,0.006951,0.0,0.0
halfb,0.117954,0.10487,0.10487,1.0,1.0
hangGlider_1,0.004862,0.007116,0.004862,0.0,0.0
hangGlider_2,0.004843,0.007639,0.004843,0.0,0.0
hangGlider_3,0.005473,0.008135,0.005473,0.0,0.0
hangGlider_4,0.005588,0.008892,0.005588,0.0,0.0
hangGlider_5,0.005544,0.009293,0.005544,0.0,0.0
har_10NN,0.00603,0.010015,0.00603,0.0,0.0
hcircuit,0.008031,0.020202,0.008031,0.0,0.0
heart1,0.01173,0.027811,0.01173,0.0,0.0
heart2,0.008285,0.020597,0.008285,0.0,0.0
heart3,0.008308,0.021032,0.008308,0.0,0.0
helm2d03,0.037315,0.04212,0.037315,0.0,0.0
helm3d01,0.008457,0.011141,0.008457,0.0,0.0
hep-th,0.005875,0.007547,0.005875,0.0,0.0
hi2010,0.006709,0.016433,0.006709,0.0,0.0
higgs-twitter,0.165685,0.146816,0.146816,1.0,1.0
hollywood-2009,1.019898,1000000.0,1.019898,0.0,0.0
hood,0.105215,0.098318,0.098318,1.0,1.0
hor_131,0.004687,0.006419,0.004687,0.0,0.0
hugebubbles-00000,1.045048,1.011523,1.011523,1.0,1.0
hugebubbles-00010,1.6826,1.563285,1.563285,1.0,1.0
hugebubbles-00020,1.787696,1000000.0,1.787696,0.0,0.0
hugetrace-00000,0.252666,0.231581,0.231581,1.0,1.0
hugetrace-00010,0.728213,1000000.0,0.727821,0.4506491494314902,0.023783236544229282
hugetrace-00020,1.04791,0.940591,0.940591,1.0,1.0
hugetric-00000,0.317726,0.29603,0.29603,1.0,1.0
hugetric-00010,0.451344,0.39598,0.39598,1.0,1.0
hugetric-00020,0.495469,0.436881,0.436881,1.0,1.0
human_gene1,0.20604,1000000.0,0.20604,0.0,0.0
human_gene2,0.150954,0.166296,0.150489,0.5203522246634941,0.11742803084014188
hvdc1,0.005442,0.021232,0.005442,0.0,0.0
hvdc2,0.013121,0.012171,0.012171,1.0,1.0
hydr1,0.004837,0.004433,0.004433,1.0,1.0
hydr1c,0.004899,0.004547,0.004547,1.0,1.0
iChem_Jacobian,0.051475,0.044306,0.039817,0.9661309637549701,0.5117761905298288
ia2010,0.013493,0.016445,0.013493,0.0,0.0
ibm_matrix_2,0.011546,0.014058,0.011546,0.0,0.0
id2010,0.012054,0.022637,0.012054,0.0,0.0
ifiss_mat,0.041839,0.037527,0.030961,1.0,0.43119268825241375
igbt3,0.006293,0.00826,0.006293,0.0,0.0
il2010,0.032366,0.039801,0.032366,0.0,0.0
imagesensor,0.018246,0.015175,0.015175,1.0,1.0
impcol_d,0.004943,0.003926,0.003926,1.0,1.0
impcol_e,0.004232,0.004862,0.004232,0.0,0.0
in-2004,0.18443,0.229018,0.183826,0.667579472610844,0.10035028914386201
in2010,0.015841,0.018565,0.015841,0.0,0.0
indianpines_10NN,0.005777,0.008488,0.005777,0.0,0.0
indochina-2004,1.780611,1000000.0,1.780611,0.0,0.0
init_adder1,0.004832,0.019048,0.004832,0.0,0.0
inlet,0.006143,0.00632,0.006143,0.0,0.0
inline_1,0.330714,1000000.0,0.330714,0.0,0.0
ins2,0.036656,0.046581,0.031578,0.45924889196586727,0.3337086111390219
internet,0.009421,0.015026,0.009421,0.0,0.0
invextr1_new,0.015676,0.019523,0.015676,0.0,0.0
iprob,0.014426,0.006364,0.006364,1.0,1.0
iris_dataset_30NN,0.004383,0.006105,0.004383,0.0,0.0
it-2004,10.119002,11.405617,9.689895,0.7796910002727695,0.5968501579464871
italy_osm,0.268247,0.218711,0.218711,1.0,1.0
jagmesh1,0.004083,0.003865,0.003865,1.0,1.0
jagmesh2,0.004099,0.003934,0.003934,1.0,1.0
jagmesh3,0.004224,0.003783,0.003783,1.0,1.0
jagmesh4,0.004504,0.003826,0.003826,1.0,1.0
jagmesh5,0.0045,0.003992,0.003992,1.0,1.0
jagmesh6,0.004191,0.003926,0.003926,1.0,1.0
jagmesh7,0.004251,0.003785,0.003785,1.0,1.0
jagmesh8,0.004265,0.004029,0.004029,1.0,1.0
jagmesh9,0.004169,0.003851,0.003851,1.0,1.0
jan99jac020,0.00537,0.007184,0.00537,0.0,0.0
jan99jac020sc,0.005152,0.007222,0.005152,0.0,0.0
jan99jac040,0.005824,0.007433,0.005824,0.0,0.0
jan99jac040sc,0.005748,0.00732,0.005748,0.0,0.0
jan99jac060,0.006281,0.007145,0.006281,0.0,0.0
jan99jac060sc,0.006085,0.007052,0.006085,0.0,0.0
jan99jac080,0.006415,0.007554,0.006415,0.0,0.0
jan99jac080sc,0.006307,0.007621,0.006307,0.0,0.0
jan99jac100,0.00643,0.007757,0.00643,0.0,0.0
jan99jac100sc,0.006445,0.007807,0.006445,0.0,0.0
jan99jac120,0.006702,0.008426,0.006702,0.0,0.0
jan99jac120sc,0.006798,0.008299,0.006798,0.0,0.0
jazz,0.004606,0.009469,0.004606,0.0,0.0
jnlbrng1,0.005641,0.007428,0.005641,0.0,0.0
jpwh_991,0.004419,0.004578,0.004419,0.0,0.0
juba40k,0.005579,0.006826,0.005579,0.0,0.0
k1_san,0.00816,0.009151,0.00816,0.0,0.0
k3plates,0.006613,0.00675,0.006613,0.0,0.0
k49_norm_10NN,0.014619,0.029073,0.014619,0.0,0.0
kim1,0.01053,0.010259,0.010259,1.0,1.0
kim2,0.112459,0.097134,0.097134,1.0,1.0
kineticBatchReactor_1,0.005032,0.007927,0.005032,0.0,0.0
kineticBatchReactor_2,0.006639,0.00833,0.006639,0.0,0.0
kineticBatchReactor_3,0.006387,0.007992,0.006387,0.0,0.0
kineticBatchReactor_4,0.006766,0.008291,0.006766,0.0,0.0
kineticBatchReactor_5,0.005127,0.008774,0.005127,0.0,0.0
kineticBatchReactor_6,0.005361,0.008411,0.005361,0.0,0.0
kineticBatchReactor_7,0.00558,0.008616,0.00558,0.0,0.0
kineticBatchReactor_8,0.00588,0.008341,0.00588,0.0,0.0
kineticBatchReactor_9,0.005354,0.008769,0.005354,0.0,0.0
kkt_power,0.188713,0.174238,0.174238,1.0,1.0
kmer_A2a,13.952914,1000000.0,13.719154,0.7796910002727695,0.5968501579464871
kmer_P1a,11.349174,9.907992,9.907992,1.0,1.0
kmer_U1a,4.599756,4.522149,4.522149,1.0,1.0
kmer_V1r,13.756753,1000000.0,13.756753,0.0,0.0
kmer_V2a,3.733279,3.796688,3.733279,0.0,0.0
kmnist_norm_10NN,0.007221,0.012491,0.007221,0.0,0.0
kron_g500-logn16,0.061405,0.071975,0.051162,1.0,0.4665574947983886
kron_g500-logn17,0.123367,0.112921,0.104035,1.0,0.5349525293565204
kron_g500-logn18,0.253501,0.202694,0.202694,1.0,1.0
kron_g500-logn19,0.523372,0.404028,0.404028,1.0,1.0
kron_g500-logn20,1.095277,0.810172,0.810172,1.0,1.0
kron_g500-logn21,2.478877,1000000.0,2.03818,0.7796910002727695,0.5968501579464871
ks2010,0.014589,0.016734,0.014589,0.0,0.0
ky2010,0.011431,0.016595,0.011431,0.0,0.0
la2010,0.01373,0.048659,0.01373,0.0,0.0
laminar_duct3D,0.042897,0.044824,0.028759,0.648146743048978,0.5357597995185034
language,0.014036,0.028506,0.014036,0.0,0.0
largebasis,0.065137,0.052719,0.052719,1.0,1.0
laser,0.004767,0.003421,0.003421,1.0,1.0
ldoor,0.425299,1000000.0,0.411717,0.7796910002727695,0.5968501579464871
lhr01,0.004979,0.007489,0.004979,0.0,0.0
lhr02,0.004792,0.005942,0.004792,0.0,0.0
lhr04,0.005206,0.009166,0.005206,0.0,0.0
lhr04c,0.005247,0.009242,0.005247,0.0,0.0
lhr07,0.005786,0.008385,0.005786,0.0,0.0
lhr07c,0.005683,0.008184,0.005683,0.0,0.0
lhr10,0.006334,0.006411,0.006334,0.0,0.0
lhr10c,0.006507,0.006512,0.006507,0.0,0.0
lhr11,0.006285,0.008623,0.006285,0.0,0.0
lhr11c,0.006212,0.008511,0.006212,0.0,0.0
lhr14,0.006755,0.007279,0.006755,0.0,0.0
lhr14c,0.006734,0.007117,0.006734,0.0,0.0
lhr17,0.007061,0.006835,0.006835,1.0,1.0
lhr17c,0.007039,0.006754,0.006754,1.0,1.0
lhr34,0.009044,0.007781,0.007781,1.0,1.0
lhr34c,0.009047,0.007729,0.007729,1.0,1.0
lhr71,0.013741,0.012306,0.012306,1.0,1.0
lhr71c,0.013628,0.012258,0.012258,1.0,1.0
li,0.012707,0.01126,0.01126,1.0,1.0
light_in_tissue,0.006961,0.007458,0.006961,0.0,0.0
linverse,0.005381,0.004746,0.004746,1.0,1.0
ljournal-2008,1.132986,1000000.0,1.06334,0.7796910002727695,0.5968501579464871
lns_3937,0.004454,0.004578,0.004454,0.0,0.0
lns_511,0.004364,0.004293,0.004293,1.0,1.0
lnsp3937,0.004696,0.004356,0.004356,1.0,1.0
lnsp_511,0.004253,0.004196,0.004196,1.0,1.0
loc-Brightkite,0.010053,0.020957,0.010053,0.0,0.0
loc-Gowalla,0.538193,0.062336,0.036984,0.3793700946250881,0.2649369982739381
lock1074,0.005008,0.007216,0.005008,0.0,0.0
lock2232,0.004926,0.005473,0.004926,0.0,0.0
lock3491,0.005401,0.012008,0.005401,0.0,0.0
lock_700,0.004503,0.006339,0.004503,0.0,0.0
lowThrust_1,0.004647,0.033215,0.004647,0.0,0.0
lowThrust_10,0.006018,0.009284,0.006018,0.0,0.0
lowThrust_11,0.006034,0.009222,0.006034,0.0,0.0
lowThrust_12,0.006141,0.009618,0.006141,0.0,0.0
lowThrust_13,0.006003,0.009328,0.006003,0.0,0.0
lowThrust_2,0.0047,0.007849,0.0047,0.0,0.0
lowThrust_3,0.005325,0.008072,0.005325,0.0,0.0
lowThrust_4,0.005615,0.008812,0.005615,0.0,0.0
lowThrust_5,0.00609,0.00906,0.00609,0.0,0.0
lowThrust_6,0.00599,0.009236,0.00599,0.0,0.0
lowThrust_7,0.006096,0.009578,0.006096,0.0,0.0
lowThrust_8,0.006156,0.009296,0.006156,0.0,0.0
lowThrust_9,0.006002,0.009429,0.006002,0.0,0.0
lp1,2.36835,0.030319,0.026058,0.9847678536367375,0.13813606301167114
lpl1,0.007141,0.023749,0.007141,0.0,0.0
lshp1009,0.004289,0.003976,0.003976,1.0,1.0
lshp1270,0.004434,0.003799,0.003799,1.0,1.0
lshp1561,0.004353,0.003786,0.003786,1.0,1.0
lshp1882,0.004255,0.003942,0.003942,1.0,1.0
lshp2233,0.004439,0.004497,0.004439,0.0,0.0
lshp2614,0.004152,0.004053,0.004053,1.0,1.0
lshp3025,0.004409,0.00432,0.00432,1.0,1.0
lshp3466,0.004363,0.00409,0.00409,1.0,1.0
lshp_265,0.004066,0.003939,0.003939,1.0,1.0
lshp_406,0.004164,0.003934,0.003934,1.0,1.0
lshp_577,0.004355,0.004128,0.004128,1.0,1.0
lshp_778,0.004124,0.004043,0.004043,1.0,1.0
lund_a,0.004563,0.004338,0.004338,1.0,1.0
lund_b,0.004569,0.004531,0.004531,1.0,1.0
lung1,0.004448,0.004324,0.004324,1.0,1.0
lung2,0.007636,0.008658,0.007636,0.0,0.0
luxembourg_osm,0.006521,0.005248,0.005248,1.0,1.0
m133-b3,0.010235,0.007952,0.007952,1.0,1.0
m14b,0.045757,0.043372,0.041508,0.7239867499737505,0.46629592614492055
m3plates,0.006632,0.002904,0.002904,1.0,1.0
m_t1,0.092537,0.093077,0.092537,0.0,0.0
ma2010,0.012344,0.017069,0.012344,0.0,0.0
mac_econ_fwd500,0.013881,0.015059,0.013881,0.0,0.0
mahindas,0.004764,0.008143,0.004764,0.0,0.0
majorbasis,0.015067,0.015755,0.015067,0.0,0.0
man_5976,0.005654,0.006639,0.005654,0.0,0.0
marine1,0.076274,0.061985,0.061985,1.0,1.0
mario001,0.006108,0.006042,0.006042,1.0,1.0
mario002,0.026585,0.031568,0.025021,0.7965429868602331,0.18343478986616382
mark3jac020,0.005026,0.009262,0.005026,0.0,0.0
mark3jac020sc,0.005036,0.009361,0.005036,0.0,0.0
mark3jac040,0.005279,0.00625,0.005279,0.0,0.0
mark3jac040sc,0.005435,0.006246,0.005435,0.0,0.0
mark3jac060,0.005874,0.010118,0.005874,0.0,0.0
mark3jac060sc,0.005968,0.010124,0.005968,0.0,0.0
mark3jac080,0.006107,0.007152,0.006107,0.0,0.0
mark3jac080sc,0.006119,0.007158,0.006119,0.0,0.0
mark3jac100,0.006723,0.010634,0.006723,0.0,0.0
mark3jac100sc,0.006713,0.010619,0.006713,0.0,0.0
mark3jac120,0.007083,0.007854,0.007083,0.0,0.0
mark3jac120sc,0.007125,0.007853,0.007125,0.0,0.0
mark3jac140,0.007531,0.011373,0.007531,0.0,0.0
mark3jac140sc,0.007497,0.011241,0.007497,0.0,0.0
matrix-new_3,0.032615,0.065163,0.032615,0.0,0.0
matrix_9,0.017766,0.021295,0.017766,0.0,0.0
mbeacxc,0.005256,0.016977,0.005256,0.0,0.0
mbeaflw,0.005288,0.017463,0.005288,0.0,0.0
mbeause,0.005427,0.016097,0.005427,0.0,0.0
mc2depi,0.034818,0.020271,0.020271,1.0,1.0
mcca,0.004503,0.005851,0.004503,0.0,0.0
mcfe,0.004516,0.006556,0.004516,0.0,0.0
md2010,0.011579,0.015485,0.011579,0.0,0.0
me2010,0.00789,0.01357,0.00789,0.0,0.0
meg1,0.005525,0.009736,0.005525,0.0,0.0
meg4,0.005015,0.019506,0.005015,0.0,0.0
memchip,0.198605,0.195564,0.195564,1.0,1.0
memplus,0.005822,0.016418,0.005822,0.0,0.0
mesh2e1,0.004441,0.004246,0.004246,1.0,1.0
mesh2em5,0.004168,0.003969,0.003969,1.0,1.0
mesh3e1,0.004112,0.004125,0.004112,0.0,0.0
mesh3em5,0.004223,0.004286,0.004223,0.0,0.0
mhd1280a,0.004741,0.006539,0.004741,0.0,0.0
mhd1280b,0.004589,0.004694,0.004589,0.0,0.0
mhd3200a,0.005249,0.00559,0.005249,0.0,0.0
mhd3200b,0.004457,0.004268,0.004268,1.0,1.0
mhd4800a,0.005071,0.005479,0.005071,0.0,0.0
mhd4800b,0.004485,0.00456,0.004485,0.0,0.0
mhda416,0.004498,0.004913,0.004498,0.0,0.0
mhdb416,0.004483,0.004005,0.004005,1.0,1.0
mi2010,0.018421,0.021838,0.018421,0.0,0.0
mice_10NN,0.004398,0.004807,0.004398,0.0,0.0
micromass_10NN,0.004919,0.013222,0.004919,0.0,0.0
mimo28x28_system,0.00509,0.005921,0.00509,0.0,0.0
mimo46x46_system,0.005205,0.005925,0.005205,0.0,0.0
mimo8x8_system,0.005185,0.005652,0.005185,0.0,0.0
minnesota,0.004863,0.004178,0.004178,1.0,1.0
minsurfo,0.005462,0.007477,0.005462,0.0,0.0
mip1,0.320263,0.11096,0.094747,1.0,0.2108199038593633
mixtank_new,0.017666,0.01892,0.017666,0.0,0.0
mn2010,0.015447,0.031645,0.015447,0.0,0.0
mnist_test_norm_10NN,0.006655,0.007919,0.006655,0.0,0.0
mo2010,0.019875,0.027771,0.019875,0.0,0.0
mono_500Hz,0.053693,0.058251,0.053693,0.0,0.0
mosfet2,0.017844,0.02042,0.017844,0.0,0.0
mouse_gene,0.273491,1000000.0,0.256769,0.9603932910838263,0.2016606106430906
mplate,0.005461,0.006265,0.005461,0.0,0.0
ms2010,0.012305,0.015865,0.012305,0.0,0.0
msc00726,0.004755,0.007416,0.004755,0.0,0.0
msc01050,0.004797,0.010233,0.004797,0.0,0.0
msc01440,0.004869,0.005699,0.004869,0.0,0.0
msc04515,0.005066,0.005265,0.005066,0.0,0.0
msc10848,0.011452,0.019255,0.011452,0.0,0.0
msc23052,0.0116,0.016218,0.0116,0.0,0.0
msdoor,0.189163,1000000.0,0.189163,0.0,0.0
mt2010,0.010537,0.024682,0.010537,0.0,0.0
mult_dcop_01,0.006941,0.033043,0.006941,0.0,0.0
mult_dcop_02,0.00687,0.032967,0.00687,0.0,0.0
mult_dcop_03,0.007519,0.034088,0.007519,0.0,0.0
mycielskian10,0.004728,0.014276,0.004728,0.0,0.0
mycielskian11,0.00565,0.014515,0.00565,0.0,0.0
mycielskian12,0.015946,0.016455,0.013623,1.0,0.21111895867169153
mycielskian13,0.027009,0.020241,0.020241,1.0,1.0
mycielskian14,0.061005,0.056769,0.056769,1.0,1.0
mycielskian15,0.136676,0.110096,0.104989,1.0,0.5407092043111873
mycielskian16,0.326407,0.275545,0.275545,1.0,1.0
mycielskian17,0.820717,1000000.0,0.820717,0.0,0.0
mycielskian18,3.461953,2.364025,2.35415,1.0,0.803342595844438
mycielskian19,10.515864,7.085672,7.085672,1.0,1.0
mycielskian7,0.004533,0.00605,0.004533,0.0,0.0
mycielskian8,0.004696,0.009698,0.004696,0.0,0.0
mycielskian9,0.004576,0.012819,0.004576,0.0,0.0
n3c6-b7,0.004936,0.004601,0.004601,1.0,1.0
nasa1824,0.004907,0.005789,0.004907,0.0,0.0
nasa2146,0.004981,0.006024,0.004981,0.0,0.0
nasa2910,0.00537,0.011912,0.00537,0.0,0.0
nasa4704,0.00511,0.005799,0.00511,0.0,0.0
nasasrb,0.028691,0.032716,0.023126,0.45924889196586727,0.3337086111390219
nc2010,0.017282,0.023055,0.017282,0.0,0.0
ncvxbqp1,0.007123,0.008894,0.007123,0.0,0.0
ncvxqp1,0.005527,0.005361,0.005361,1.0,1.0
ncvxqp3,0.009169,0.009505,0.009169,0.0,0.0
ncvxqp5,0.008215,0.009172,0.008215,0.0,0.0
ncvxqp7,0.009359,0.0098,0.009359,0.0,0.0
ncvxqp9,0.005422,0.004397,0.004397,1.0,1.0
nd12k,0.127304,0.157757,0.126354,0.44583275285359125,0.09997491581800291
nd2010,0.009709,0.013379,0.009709,0.0,0.0
nd24k,0.252123,0.302454,0.243095,0.5770194375545487,0.04897640302386406
nd3k,0.035438,0.058236,0.030304,0.6544337956016897,0.36102555807772285
nd6k,0.065313,0.100152,0.065313,0.0,0.0
ne2010,0.012285,0.017955,0.012285,0.0,0.0
nemeth01,0.008259,0.009824,0.008259,0.0,0.0
nemeth02,0.006516,0.007039,0.006516,0.0,0.0
nemeth03,0.00647,0.007062,0.00647,0.0,0.0
nemeth04,0.006464,0.007054,0.006464,0.0,0.0
nemeth05,0.006427,0.007048,0.006427,0.0,0.0
nemeth06,0.006431,0.007157,0.006431,0.0,0.0
nemeth07,0.006484,0.006809,0.006484,0.0,0.0
nemeth08,0.006472,0.006824,0.006472,0.0,0.0
nemeth09,0.006436,0.007,0.006436,0.0,0.0
nemeth10,0.006451,0.007197,0.006451,0.0,0.0
nemeth11,0.006495,0.006713,0.006495,0.0,0.0
nemeth12,0.006557,0.007524,0.006557,0.0,0.0
nemeth13,0.00666,0.007423,0.00666,0.0,0.0
nemeth14,0.006919,0.007581,0.006919,0.0,0.0
nemeth15,0.007156,0.008348,0.007156,0.0,0.0
nemeth16,0.007421,0.009267,0.007421,0.0,0.0
nemeth17,0.007811,0.00772,0.00772,1.0,1.0
nemeth18,0.008092,0.010659,0.008092,0.0,0.0
nemeth19,0.00877,0.011133,0.00877,0.0,0.0
nemeth20,0.010011,0.013026,0.010011,0.0,0.0
nemeth21,0.011081,0.013914,0.011081,0.0,0.0
nemeth22,0.011634,0.013875,0.011634,0.0,0.0
nemeth23,0.012257,0.015851,0.012257,0.0,0.0
nemeth24,0.01237,0.01557,0.01237,0.0,0.0
nemeth25,0.012405,0.016091,0.012405,0.0,0.0
nemeth26,0.012376,0.015804,0.012376,0.0,0.0
net100,0.018487,0.020748,0.018487,0.0,0.0
net125,0.025483,0.03714,0.025483,0.0,0.0
net150,0.036236,0.043922,0.030848,0.567114274549318,0.36833371051778213
net25,0.007624,0.010729,0.007624,0.0,0.0
net4-1,0.273867,0.031628,0.028336,0.7796910002727695,0.5968501579464871
net50,0.012017,0.011707,0.011707,1.0,1.0
net75,0.015398,0.012896,0.012896,1.0,1.0
netherlands_osm,0.096248,0.069717,0.069717,1.0,1.0
netscience,0.005046,0.006086,0.005046,0.0,0.0
netz4504,0.004835,0.004279,0.004279,1.0,1.0
netz4504_dual,0.004598,0.003538,0.003538,1.0,1.0
nh2010,0.006922,0.012121,0.006922,0.0,0.0
nj2010,0.012227,0.017005,0.012227,0.0,0.0
nlpkkt120,0.870866,0.875697,0.869187,0.7965429868602331,0.18343478986616382
nlpkkt160,2.140202,2.069617,2.067873,0.18684209313213013,0.14617914040047317
nlpkkt200,4.1408,4.032884,4.032884,1.0,1.0
nlpkkt240,7.219079,6.960981,6.960981,1.0,1.0
nlpkkt80,0.264926,0.241175,0.241175,1.0,1.0
nm2010,0.013029,0.037554,0.013029,0.0,0.0
nmos3,0.00738,0.00755,0.00738,0.0,0.0
nnc1374,0.004428,0.004438,0.004428,0.0,0.0
nnc261,0.004349,0.003948,0.003948,1.0,1.0
nnc666,0.004485,0.004772,0.004485,0.0,0.0
nopoly,0.005011,0.004924,0.004924,1.0,1.0
nopss_11k,0.005115,0.005808,0.005115,0.0,0.0
nos1,0.004113,0.003633,0.003633,1.0,1.0
nos2,0.004194,0.003868,0.003868,1.0,1.0
nos3,0.004413,0.004207,0.004207,1.0,1.0
nos5,0.004694,0.004655,0.004655,1.0,1.0
nos6,0.004058,0.003749,0.003749,1.0,1.0
nos7,0.004185,0.004261,0.004185,0.0,0.0
ns3Da,0.026198,0.026142,0.026142,1.0,1.0
nv1,0.025571,0.03703,0.025571,0.0,0.0
nv2,0.656109,0.578495,0.578495,1.0,1.0
nv2010,0.009256,0.014668,0.009256,0.0,0.0
nxp1,0.039786,0.065733,0.039786,0.0,0.0
ny2010,0.020925,0.025512,0.020925,0.0,0.0
obstclae,0.005637,0.007376,0.005637,0.0,0.0
odepa400,0.00441,0.003728,0.003728,1.0,1.0
offshore,0.051868,0.046462,0.046462,1.0,1.0
oh2010,0.021217,0.026681,0.021217,0.0,0.0
ohne2,0.110506,0.106337,0.106337,1.0,1.0
oilpan,0.041751,0.038924,0.028531,0.5081987767407188,0.40460588294686317
ok2010,0.016476,0.020861,0.016476,0.0,0.0
olafu,0.010652,0.009086,0.009086,1.0,1.0
olesnik0,0.009346,0.008364,0.008364,1.0,1.0
olm1000,0.004381,0.003745,0.003745,1.0,1.0
olm2000,0.004531,0.003926,0.003926,1.0,1.0
olm500,0.004562,0.003695,0.003695,1.0,1.0
olm5000,0.004961,0.004253,0.004253,1.0,1.0
onera_dual,0.006813,0.00749,0.006813,0.0,0.0
onetone1,0.007425,0.00902,0.007425,0.0,0.0
onetone2,0.006253,0.006796,0.006253,0.0,0.0
opt1,0.014889,0.019345,0.014889,0.0,0.0
optdigits_10NN,0.006417,0.008573,0.006417,0.0,0.0
or2010,0.014521,0.026533,0.014521,0.0,0.0
orani678,0.006818,0.017355,0.006818,0.0,0.0
orbitRaising_1,0.004504,0.004386,0.004386,1.0,1.0
orbitRaising_2,0.00442,0.004509,0.00442,0.0,0.0
orbitRaising_3,0.004611,0.004551,0.004551,1.0,1.0
orbitRaising_4,0.004561,0.004423,0.004423,1.0,1.0
orsirr_1,0.004494,0.004521,0.004494,0.0,0.0
orsirr_2,0.00421,0.004862,0.00421,0.0,0.0
orsreg_1,0.004194,0.004398,0.004194,0.0,0.0
oscil_dcop_01,0.004683,0.004603,0.004603,1.0,1.0
oscil_dcop_02,0.004697,0.004584,0.004584,1.0,1.0
oscil_dcop_03,0.00466,0.004809,0.00466,0.0,0.0
oscil_dcop_04,0.004949,0.004744,0.004744,1.0,1.0
oscil_dcop_05,0.004753,0.004764,0.004753,0.0,0.0
oscil_dcop_06,0.004687,0.004518,0.004518,1.0,1.0
oscil_dcop_07,0.004685,0.004626,0.004626,1.0,1.0
oscil_dcop_08,0.004646,0.004815,0.004646,0.0,0.0
oscil_dcop_09,0.00469,0.004647,0.004647,1.0,1.0
oscil_dcop_10,0.004699,0.004626,0.004626,1.0,1.0
oscil_dcop_11,0.004605,0.004627,0.004605,0.0,0.0
oscil_dcop_12,0.004719,0.004763,0.004719,0.0,0.0
oscil_dcop_13,0.004718,0.004517,0.004517,1.0,1.0
oscil_dcop_14,0.004712,0.004517,0.004517,1.0,1.0
oscil_dcop_15,0.004921,0.004762,0.004762,1.0,1.0
oscil_dcop_16,0.004599,0.004612,0.004599,0.0,0.0
oscil_dcop_17,0.00469,0.004708,0.00469,0.0,0.0
oscil_dcop_18,0.004899,0.004568,0.004568,1.0,1.0
oscil_dcop_19,0.004691,0.004572,0.004572,1.0,1.0
oscil_dcop_20,0.004686,0.004546,0.004546,1.0,1.0
oscil_dcop_21,0.004646,0.004762,0.004646,0.0,0.0
oscil_dcop_22,0.00466,0.004517,0.004517,1.0,1.0
oscil_dcop_23,0.00474,0.004629,0.004629,1.0,1.0
oscil_dcop_24,0.004899,0.00467,0.00467,1.0,1.0
oscil_dcop_25,0.004686,0.00458,0.00458,1.0,1.0
oscil_dcop_26,0.004595,0.004584,0.004584,1.0,1.0
oscil_dcop_27,0.004748,0.004513,0.004513,1.0,1.0
oscil_dcop_28,0.004698,0.004586,0.004586,1.0,1.0
oscil_dcop_29,0.0046,0.004615,0.0046,0.0,0.0
oscil_dcop_30,0.00466,0.004669,0.00466,0.0,0.0
oscil_dcop_31,0.004687,0.004743,0.004687,0.0,0.0
oscil_dcop_32,0.004916,0.004631,0.004631,1.0,1.0
oscil_dcop_33,0.004907,0.004766,0.004766,1.0,1.0
oscil_dcop_34,0.004897,0.004653,0.004653,1.0,1.0
oscil_dcop_35,0.00487,0.004612,0.004612,1.0,1.0
oscil_dcop_36,0.004686,0.004593,0.004593,1.0,1.0
oscil_dcop_37,0.004888,0.00457,0.00457,1.0,1.0
oscil_dcop_38,0.004686,0.004619,0.004619,1.0,1.0
oscil_dcop_39,0.004722,0.004807,0.004722,0.0,0.0
oscil_dcop_40,0.004601,0.004706,0.004601,0.0,0.0
oscil_dcop_41,0.004919,0.004624,0.004624,1.0,1.0
oscil_dcop_42,0.00493,0.004541,0.004541,1.0,1.0
oscil_dcop_43,0.004775,0.004541,0.004541,1.0,1.0
oscil_dcop_44,0.004947,0.004611,0.004611,1.0,1.0
oscil_dcop_45,0.00469,0.004603,0.004603,1.0,1.0
oscil_dcop_46,0.004855,0.004843,0.004843,1.0,1.0
oscil_dcop_47,0.004922,0.004579,0.004579,1.0,1.0
oscil_dcop_48,0.004903,0.004745,0.004745,1.0,1.0
oscil_dcop_49,0.004753,0.00452,0.00452,1.0,1.0
oscil_dcop_50,0.004603,0.004776,0.004603,0.0,0.0
oscil_dcop_51,0.004664,0.0046,0.0046,1.0,1.0
oscil_dcop_52,0.004643,0.004644,0.004643,0.0,0.0
oscil_dcop_53,0.00491,0.004824,0.004824,1.0,1.0
oscil_dcop_54,0.0049,0.004816,0.004816,1.0,1.0
oscil_dcop_55,0.004746,0.004823,0.004746,0.0,0.0
oscil_dcop_56,0.004663,0.004622,0.004622,1.0,1.0
oscil_dcop_57,0.004697,0.00462,0.00462,1.0,1.0
oscil_trans_01,0.004642,0.004611,0.004611,1.0,1.0
p2p-Gnutella04,0.005867,0.015912,0.005867,0.0,0.0
p2p-Gnutella05,0.006061,0.01064,0.006061,0.0,0.0
p2p-Gnutella06,0.005732,0.018087,0.005732,0.0,0.0
p2p-Gnutella08,0.00573,0.007935,0.00573,0.0,0.0
p2p-Gnutella09,0.005523,0.008931,0.005523,0.0,0.0
p2p-Gnutella24,0.006579,0.012285,0.006579,0.0,0.0
p2p-Gnutella25,0.006569,0.010095,0.006569,0.0,0.0
p2p-Gnutella30,0.006969,0.008393,0.006969,0.0,0.0
p2p-Gnutella31,0.007573,0.012725,0.007573,0.0,0.0
pa2010,0.0289,0.032279,0.0289,0.0,0.0
packing-500x100x100-b050,0.338738,1000000.0,0.338738,0.0,0.0
para-10,0.058853,0.065725,0.058853,0.0,0.0
para-4,0.057783,0.064316,0.057783,0.0,0.0
para-5,0.058895,0.065776,0.058895,0.0,0.0
para-6,0.058886,0.065751,0.058886,0.0,0.0
para-7,0.058872,0.065513,0.058872,0.0,0.0
para-8,0.058932,0.065345,0.058932,0.0,0.0
para-9,0.058861,0.065794,0.058861,0.0,0.0
parabolic_fem,0.048449,0.054671,0.047627,0.45924889196586727,0.3337086111390219
patents,0.296147,0.251472,0.251472,1.0,1.0
patents_main,0.013157,0.035923,0.013157,0.0,0.0
pattern1,0.083377,0.102226,0.082098,1.0,0.8168704652474784
pcrystk02,0.010419,0.00832,0.00832,1.0,1.0
pcrystk03,0.01386,0.011646,0.011646,1.0,1.0
pct20stif,0.029601,0.039345,0.024554,0.45924889196586727,0.3337086111390219
pdb1HYS,0.046608,0.046911,0.043731,0.7796910002727695,0.5968501579464871
pde225,0.004217,0.003552,0.003552,1.0,1.0
pde2961,0.004496,0.003923,0.003923,1.0,1.0
pde900,0.004387,0.00381,0.00381,1.0,1.0
pds10,0.005889,0.014755,0.005889,0.0,0.0
pesa,0.004923,0.004784,0.004784,1.0,1.0
pf2177,0.010265,0.01862,0.010265,0.0,0.0
pfinan512,0.008311,0.010336,0.008311,0.0,0.0
piston,0.005223,0.007249,0.005223,0.0,0.0
pkustk01,0.010918,0.010419,0.010419,1.0,1.0
pkustk02,0.008993,0.010638,0.008993,0.0,0.0
pkustk03,0.037118,0.037214,0.02407,0.7796910002727695,0.5968501579464871
pkustk04,0.04628,0.05755,0.04628,0.0,0.0
pkustk05,0.016963,0.019221,0.016963,0.0,0.0
pkustk06,0.02432,0.027014,0.022304,0.48339206668212653,0.4358282342202102
pkustk07,0.019076,0.040864,0.019076,0.0,0.0
pkustk08,0.036344,0.04991,0.030936,0.45687071574791144,0.3617642001200845
pkustk09,0.013118,0.010738,0.010738,1.0,1.0
pkustk10,0.048177,0.050125,0.048177,0.0,0.0
pkustk11,0.056491,0.056348,0.053634,0.45924889196586727,0.3337086111390219
pkustk12,0.074638,0.100919,0.074638,0.0,0.0
pkustk13,0.067817,0.096673,0.067817,0.0,0.0
pkustk14,0.13557,0.128747,0.128747,1.0,1.0
plantsmargin_12NN,0.004619,0.00587,0.004619,0.0,0.0
plantstexture_10NN,0.004943,0.005824,0.004943,0.0,0.0
plat1919,0.004682,0.004474,0.004474,1.0,1.0
plat362,0.004683,0.004428,0.004428,1.0,1.0
plbuckle,0.004505,0.006931,0.004505,0.0,0.0
pli,0.012659,0.011374,0.011374,1.0,1.0
plsk1919,0.006485,0.00416,0.00416,1.0,1.0
plskz362,0.004991,0.004026,0.004026,1.0,1.0
poisson2D,0.004352,0.003912,0.003912,1.0,1.0
poisson3Da,0.01039,0.011606,0.01039,0.0,0.0
poisson3Db,0.033241,0.0478,0.033241,0.0,0.0
polblogs,0.005107,0.01498,0.005107,0.0,0.0
poli,0.005651,0.008953,0.005651,0.0,0.0
poli3,0.006668,0.024403,0.006668,0.0,0.0
poli4,0.00604,0.024594,0.00604,0.0,0.0
poli_large,0.006187,0.023929,0.006187,0.0,0.0
pores_2,0.004625,0.004638,0.004625,0.0,0.0
pores_3,0.004317,0.003947,0.003947,1.0,1.0
power,0.005082,0.005442,0.005082,0.0,0.0
power197k,0.045999,0.086293,0.045631,0.6427108394399467,0.2895085018327557
power9,0.02992,0.032276,0.027001,0.7796910002727695,0.5968501579464871
powersim,0.00541,0.006713,0.00541,0.0,0.0
pre2,0.075984,0.063743,0.063743,1.0,1.0
preferentialAttachment,0.269647,0.040042,0.036154,0.8162139759916052,0.14816271361414865
problem1,0.004412,0.004194,0.004194,1.0,1.0
psmigr_1,0.008011,0.017978,0.008011,0.0,0.0
psmigr_2,0.007879,0.017901,0.007879,0.0,0.0
psmigr_3,0.007889,0.018034,0.007889,0.0,0.0
pwt,0.006195,0.007888,0.006195,0.0,0.0
pwtk,0.109785,0.100412,0.100412,1.0,1.0
qa8fk,0.01444,0.009992,0.009992,1.0,1.0
qa8fm,0.014453,0.009968,0.009968,1.0,1.0
qc2534,0.006774,0.012426,0.006774,0.0,0.0
qc324,0.004553,0.016279,0.004553,0.0,0.0
qh1484,0.004646,0.004235,0.004235,1.0,1.0
qh768,0.004513,0.004291,0.004291,1.0,1.0
qh882,0.004688,0.004651,0.004651,1.0,1.0
qpband,0.00507,0.003733,0.003733,1.0,1.0
radfr1,0.004604,0.005261,0.004604,0.0,0.0
radiation,0.092752,0.080354,0.080354,1.0,1.0
raefsky1,0.006226,0.008823,0.006226,0.0,0.0
raefsky2,0.006197,0.00869,0.006197,0.0,0.0
raefsky3,0.011982,0.009456,0.009456,1.0,1.0
raefsky4,0.01198,0.012273,0.01198,0.0,0.0
raefsky5,0.005446,0.007418,0.005446,0.0,0.0
raefsky6,0.005437,0.011372,0.005437,0.0,0.0
rail_1357,0.00438,0.004537,0.00438,0.0,0.0
rail_20209,0.005383,0.005456,0.005383,0.0,0.0
rail_5177,0.004543,0.004829,0.004543,0.0,0.0
rail_79841,0.008105,0.007558,0.007558,1.0,1.0
rajat01,0.00549,0.027056,0.00549,0.0,0.0
rajat02,0.00534,0.022193,0.00534,0.0,0.0
rajat03,0.004811,0.012313,0.004811,0.0,0.0
rajat04,0.004956,0.016278,0.004956,0.0,0.0
rajat05,0.004328,0.005881,0.004328,0.0,0.0
rajat06,0.004877,0.014531,0.004877,0.0,0.0
rajat07,0.005244,0.016707,0.005244,0.0,0.0
rajat08,0.005345,0.018874,0.005345,0.0,0.0
rajat09,0.005519,0.020904,0.005519,0.0,0.0
rajat10,0.005656,0.023277,0.005656,0.0,0.0
rajat12,0.01111,0.02451,0.01111,0.0,0.0
rajat13,0.005106,0.028372,0.005106,0.0,0.0
rajat14,0.004842,0.021459,0.004842,0.0,0.0
rajat15,0.007964,0.031529,0.007964,0.0,0.0
rajat16,0.009104,0.023186,0.009104,0.0,0.0
rajat17,0.009189,0.023174,0.009189,0.0,0.0
rajat18,0.00887,0.023446,0.00887,0.0,0.0
rajat19,0.00489,0.019605,0.00489,0.0,0.0
rajat20,0.008967,0.022214,0.008967,0.0,0.0
rajat21,0.022224,0.065573,0.022224,0.0,0.0
rajat22,0.006622,0.025179,0.006622,0.0,0.0
rajat23,0.008852,0.026163,0.008852,0.0,0.0
rajat24,0.022107,0.065874,0.022107,0.0,0.0
rajat25,0.009051,0.023998,0.009051,0.0,0.0
rajat26,0.007105,0.026454,0.007105,0.0,0.0
rajat27,0.006297,0.02352,0.006297,0.0,0.0
rajat28,0.008957,0.024014,0.008957,0.0,0.0
rajat29,0.063642,0.106352,0.063642,0.0,0.0
rajat30,0.076433,0.147636,0.076433,0.0,0.0
rajat31,0.260832,0.301082,0.260832,0.0,0.0
ramage02,0.030692,0.048162,0.02918,0.45924889196586727,0.3337086111390219
rbsa480,0.004689,0.004959,0.004689,0.0,0.0
rbsb480,0.004428,0.004957,0.004428,0.0,0.0
rdb1250,0.004272,0.004017,0.004017,1.0,1.0
rdb1250l,0.00416,0.004277,0.00416,0.0,0.0
rdb200,0.004309,0.003855,0.003855,1.0,1.0
rdb200l,0.004157,0.0038,0.0038,1.0,1.0
rdb2048,0.004454,0.003986,0.003986,1.0,1.0
rdb2048_noL,0.004422,0.004206,0.004206,1.0,1.0
rdb3200l,0.004282,0.004179,0.004179,1.0,1.0
rdb450,0.004085,0.003934,0.003934,1.0,1.0
rdb450l,0.004167,0.003949,0.003949,1.0,1.0
rdb5000,0.004287,0.00428,0.00428,1.0,1.0
rdb800l,0.004293,0.003986,0.003986,1.0,1.0
rdb968,0.004125,0.004243,0.004125,0.0,0.0
rdist1,0.005077,0.010704,0.005077,0.0,0.0
rdist2,0.005163,0.0095,0.005163,0.0,0.0
rdist3a,0.004919,0.008058,0.004919,0.0,0.0
reorientation_1,0.004768,0.006851,0.004768,0.0,0.0
reorientation_2,0.006175,0.007924,0.006175,0.0,0.0
reorientation_3,0.00524,0.008342,0.00524,0.0,0.0
reorientation_4,0.005549,0.008488,0.005549,0.0,0.0
reorientation_5,0.006564,0.008297,0.006564,0.0,0.0
reorientation_6,0.005727,0.008079,0.005727,0.0,0.0
reorientation_7,0.005308,0.008394,0.005308,0.0,0.0
reorientation_8,0.005032,0.008455,0.005032,0.0,0.0
rgg_n_2_15_s0,0.00658,0.006934,0.00658,0.0,0.0
rgg_n_2_16_s0,0.009535,0.008857,0.008857,1.0,1.0
rgg_n_2_17_s0,0.015221,0.012042,0.012042,1.0,1.0
rgg_n_2_18_s0,0.042391,0.037632,0.030834,0.8757563792630798,0.5698125678653309
rgg_n_2_19_s0,0.076837,0.068236,0.068236,1.0,1.0
rgg_n_2_20_s0,0.146199,0.142092,0.142092,1.0,1.0
rgg_n_2_21_s0,0.298694,0.306333,0.298694,0.0,0.0
rgg_n_2_22_s0,0.638916,0.836275,0.638916,0.0,0.0
rgg_n_2_23_s0,1.383758,1.928761,1.383758,0.0,0.0
rgg_n_2_24_s0,6.672269,4.202153,3.488221,0.45924889196586727,0.3337086111390219
ri2010,0.006216,0.008361,0.006216,0.0,0.0
rim,0.01117,0.010054,0.010054,1.0,1.0
rma10,0.019351,0.024384,0.019351,0.0,0.0
roadNet-CA,0.093698,0.075537,0.075537,1.0,1.0
roadNet-PA,0.05647,0.039431,0.039431,1.0,1.0
roadNet-TX,0.068404,0.048502,0.048502,1.0,1.0
road_central,0.77665,0.774165,0.774165,1.0,1.0
road_usa,1.170183,1.210432,1.170183,0.0,0.0
rotor2,0.004503,0.005804,0.004503,0.0,0.0
rw496,0.004497,0.003416,0.003416,1.0,1.0
rw5151,0.004805,0.003561,0.003561,1.0,1.0
s1rmq4m1,0.005851,0.006446,0.005851,0.0,0.0
s1rmt3m1,0.005554,0.00591,0.005554,0.0,0.0
s2rmq4m1,0.005807,0.006619,0.005807,0.0,0.0
s2rmt3m1,0.005519,0.006018,0.005519,0.0,0.0
s3dkq4m2,0.05173,0.05081,0.046381,1.0,0.6045922824840975
s3dkt3m2,0.043415,0.042345,0.028443,0.8632385202014485,0.37434271341480047
s3rmq4m1,0.00589,0.00669,0.00589,0.0,0.0
s3rmt3m1,0.005746,0.006031,0.005746,0.0,0.0
s3rmt3m3,0.00573,0.006134,0.00573,0.0,0.0
s4dkt3m2,0.043358,0.042456,0.028487,0.9668808083369562,0.3750596157918228
saylr1,0.004142,0.003673,0.003673,1.0,1.0
saylr3,0.004611,0.003776,0.003776,1.0,1.0
saylr4,0.004428,0.004386,0.004386,1.0,1.0
sc2010,0.013133,0.018768,0.013133,0.0,0.0
scircuit,0.01142,0.03498,0.01142,0.0,0.0
sd2010,0.007803,0.01571,0.007803,0.0,0.0
se,0.005349,0.004255,0.004255,1.0,1.0
semeion_10NN,0.004818,0.005289,0.004818,0.0,0.0
shallow_water1,0.006259,0.004694,0.004694,1.0,1.0
shallow_water2,0.00621,0.004779,0.004779,1.0,1.0
shar_te2-b3,0.010281,0.00798,0.00798,1.0,1.0
sherman1,0.004735,0.004054,0.004054,1.0,1.0
sherman2,0.004584,0.00547,0.004584,0.0,0.0
sherman3,0.005078,0.00416,0.00416,1.0,1.0
sherman4,0.004703,0.004,0.004,1.0,1.0
sherman5,0.004898,0.004641,0.004641,1.0,1.0
shermanACa,0.005861,0.018267,0.005861,0.0,0.0
shermanACb,0.006915,0.021544,0.006915,0.0,0.0
shermanACd,0.005642,0.02132,0.005642,0.0,0.0
ship_001,0.048402,0.059878,0.047311,0.3487032132739053,0.3051234137345867
ship_003,0.079731,0.070855,0.070855,1.0,1.0
shipsec1,0.077979,0.075097,0.073208,1.0,0.7720458539556969
shipsec5,0.097232,0.087513,0.087513,1.0,1.0
shipsec8,0.068219,0.06188,0.06188,1.0,1.0
shl_0,0.004924,0.011323,0.004924,0.0,0.0
shl_200,0.005065,0.00854,0.005065,0.0,0.0
shl_400,0.005008,0.009088,0.005008,0.0,0.0
shock-9,0.005848,0.004141,0.004141,1.0,1.0
shuttle_eddy,0.005061,0.00496,0.00496,1.0,1.0
shyy161,0.006532,0.006171,0.006171,1.0,1.0
shyy41,0.004813,0.004161,0.004161,1.0,1.0
sinc12,0.006899,0.010763,0.006899,0.0,0.0
sinc15,0.009008,0.012432,0.009008,0.0,0.0
sinc18,0.011187,0.01424,0.011187,0.0,0.0
sit100,0.004937,0.00478,0.00478,1.0,1.0
sk-2005,16.965684,1000000.0,16.261079,0.45924889196586727,0.3337086111390219
skirt,0.005868,0.005797,0.005797,1.0,1.0
smallworld,0.011276,0.0104,0.0104,1.0,1.0
sme3Da,0.014835,0.021557,0.014835,0.0,0.0
sme3Db,0.024983,0.038067,0.024983,0.0,0.0
sme3Dc,0.039846,0.053762,0.039846,0.0,0.0
smt,0.040488,0.050482,0.036268,0.7431639233797499,0.43178734696716053
soc-Epinions1,0.011964,0.019929,0.011964,0.0,0.0
soc-LiveJournal1,1.098162,1000000.0,1.04825,0.7796910002727695,0.5968501579464871
soc-Pokec,0.402947,0.383345,0.383345,1.0,1.0
soc-Slashdot0811,0.017479,0.02156,0.017479,0.0,0.0
soc-Slashdot0902,0.015179,0.022553,0.015179,0.0,0.0
soc-sign-Slashdot081106,0.013188,0.020272,0.013188,0.0,0.0
soc-sign-Slashdot090216,0.013222,0.02046,0.013222,0.0,0.0
soc-sign-Slashdot090221,0.013227,0.020958,0.013227,0.0,0.0
soc-sign-bitcoin-alpha,0.00591,0.021087,0.00591,0.0,0.0
soc-sign-bitcoin-otc,0.006562,0.02107,0.006562,0.0,0.0
soc-sign-epinions,0.016326,0.022578,0.016326,0.0,0.0
spaceShuttleEntry_1,0.004746,0.007199,0.004746,0.0,0.0
spaceShuttleEntry_2,0.004819,0.008039,0.004819,0.0,0.0
spaceShuttleEntry_3,0.004746,0.008861,0.004746,0.0,0.0
spaceShuttleEntry_4,0.004977,0.008393,0.004977,0.0,0.0
spaceStation_10,0.004803,0.020198,0.004803,0.0,0.0
spaceStation_11,0.005132,0.022034,0.005132,0.0,0.0
spaceStation_12,0.004487,0.022741,0.004487,0.0,0.0
spaceStation_13,0.004957,0.025677,0.004957,0.0,0.0
spaceStation_14,0.005129,0.023761,0.005129,0.0,0.0
spaceStation_2,0.004404,0.006551,0.004404,0.0,0.0
spaceStation_3,0.004645,0.009059,0.004645,0.0,0.0
spaceStation_4,0.004489,0.014941,0.004489,0.0,0.0
spaceStation_5,0.004442,0.016495,0.004442,0.0,0.0
spaceStation_6,0.004965,0.017807,0.004965,0.0,0.0
spaceStation_7,0.00474,0.016633,0.00474,0.0,0.0
spaceStation_8,0.005069,0.018492,0.005069,0.0,0.0
spaceStation_9,0.00462,0.017393,0.00462,0.0,0.0
sparsine,0.020729,0.017314,0.017314,1.0,1.0
sphere3,0.004089,0.004155,0.004089,0.0,0.0
spiral,0.004862,0.007174,0.004862,0.0,0.0
spmsrtls,0.005524,0.005839,0.005524,0.0,0.0
srb1,0.034503,0.03473,0.02904,0.45924889196586727,0.3337086111390219
ss,0.335514,0.321199,0.321199,1.0,1.0
ss1,0.01094,0.009132,0.009132,1.0,1.0
sstmodel,0.004878,0.004908,0.004878,0.0,0.0
std1_Jac2,0.013477,0.02654,0.013477,0.0,0.0
std1_Jac2_db,0.008332,0.016979,0.008332,0.0,0.0
std1_Jac3,0.014221,0.031754,0.014221,0.0,0.0
std1_Jac3_db,0.009107,0.014223,0.009107,0.0,0.0
steam1,0.004416,0.004275,0.004275,1.0,1.0
steam2,0.004552,0.004666,0.004552,0.0,0.0
stokes,4.161829,1000000.0,3.53654,0.7796910002727695,0.5968501579464871
stokes128,0.008282,0.008985,0.008282,0.0,0.0
stokes64,0.005397,0.00528,0.00528,1.0,1.0
stokes64s,0.005399,0.005427,0.005399,0.0,0.0
stomach,0.039827,0.037709,0.028194,0.45714981710518915,0.33435719828726584
str_0,0.004741,0.005918,0.004741,0.0,0.0
str_200,0.00444,0.004903,0.00444,0.0,0.0
str_400,0.004453,0.004799,0.004453,0.0,0.0
str_600,0.00469,0.004893,0.00469,0.0,0.0
struct3,0.011586,0.010843,0.010843,1.0,1.0
struct4,0.005939,0.009944,0.005939,0.0,0.0
sts4098,0.005079,0.021946,0.005079,0.0,0.0
stufe,0.004704,0.003475,0.003475,1.0,1.0
stufe-10,0.005436,0.003987,0.003987,1.0,1.0
swang1,0.004561,0.004137,0.004137,1.0,1.0
swang2,0.004652,0.004098,0.004098,1.0,1.0
sx-askubuntu,0.014839,0.024146,0.014839,0.0,0.0
sx-mathoverflow,0.009559,0.020188,0.009559,0.0,0.0
sx-stackoverflow,0.585135,0.490255,0.489267,1.0,0.8085913147637612
sx-superuser,0.018317,0.025522,0.018317,0.0,0.0
t2d_q4,0.004923,0.004688,0.004688,1.0,1.0
t2d_q9,0.004976,0.004675,0.004675,1.0,1.0
t2dah,0.005476,0.005894,0.005476,0.0,0.0
t2dah_a,0.005682,0.005843,0.005682,0.0,0.0
t2dah_e,0.005665,0.006049,0.005665,0.0,0.0
t2dal,0.004763,0.00435,0.00435,1.0,1.0
t2dal_a,0.004639,0.004386,0.004386,1.0,1.0
t2dal_bci,0.00455,0.004325,0.004325,1.0,1.0
t2dal_e,0.005435,0.002865,0.002865,1.0,1.0
t2em,0.064637,0.054721,0.054721,1.0,1.0
t3dh,0.04902,0.047934,0.043899,0.7796910002727695,0.5968501579464871
t3dh_a,0.048944,0.047933,0.039507,1.0,0.5163701043802353
t3dh_e,0.049014,0.047915,0.043328,0.8908624594376447,0.36229973317820724
t3dl,0.007592,0.006702,0.006702,1.0,1.0
t3dl_a,0.007736,0.006705,0.006705,1.0,1.0
t3dl_e,0.00574,0.003282,0.003282,1.0,1.0
t520,0.006178,0.020963,0.006178,0.0,0.0
t60k,0.005803,0.004622,0.004622,1.0,1.0
tandem_dual,0.007186,0.007788,0.007186,0.0,0.0
tandem_vtx,0.006289,0.008288,0.006289,0.0,0.0
ted_A,0.006871,0.017661,0.006871,0.0,0.0
ted_AB,0.007518,0.014061,0.007518,0.0,0.0
ted_AB_unscaled,0.007497,0.014084,0.007497,0.0,0.0
ted_A_unscaled,0.006934,0.017879,0.006934,0.0,0.0
ted_B,0.005826,0.008582,0.005826,0.0,0.0
ted_B_unscaled,0.005913,0.008363,0.005913,0.0,0.0
test1,0.143453,0.122495,0.122495,1.0,1.0
thermal,0.004952,0.005126,0.004952,0.0,0.0
thermal1,0.008157,0.008888,0.008157,0.0,0.0
thermal2,0.110823,0.116267,0.110823,0.0,0.0
thermomech_TC,0.012807,0.013091,0.012807,0.0,0.0
thermomech_TK,0.012733,0.013113,0.012733,0.0,0.0
thermomech_dK,0.035852,0.03197,0.025916,0.8388549032154431,0.5480462425442122
thermomech_dM,0.015556,0.015281,0.015281,1.0,1.0
thread,0.046509,0.054789,0.046509,0.0,0.0
tmt_sym,0.066419,0.062427,0.062427,1.0,1.0
tmt_unsym,0.063746,0.054807,0.054807,1.0,1.0
tn2010,0.015717,0.023733,0.015717,0.0,0.0
tols1090,0.004975,0.013482,0.004975,0.0,0.0
tols2000,0.005912,0.013463,0.005912,0.0,0.0
tols340,0.005153,0.013582,0.005153,0.0,0.0
tols4000,0.005294,0.013557,0.005294,0.0,0.0
tols90,0.004604,0.013314,0.004604,0.0,0.0
tomography,0.004893,0.016397,0.004893,0.0,0.0
torsion1,0.005559,0.007365,0.005559,0.0,0.0
torso1,0.497344,0.077047,0.073971,1.0,0.8033423546424996
torso2,0.011242,0.009284,0.009284,1.0,1.0
torso3,0.053707,0.048868,0.045801,0.9213110986225991,0.5403222327635551
trans4,0.010193,0.02646,0.010193,0.0,0.0
trans5,0.010236,0.026324,0.010236,0.0,0.0
transient,0.011728,0.036028,0.011728,0.0,0.0
trdheim,0.014573,0.016565,0.014573,0.0,0.0
troll,0.113941,0.114043,0.113941,0.0,0.0
tsyl201,0.019785,0.026119,0.019785,0.0,0.0
tub1000,0.004565,0.003204,0.003204,1.0,1.0
tube1,0.009739,0.007929,0.007929,1.0,1.0
tube2,0.009725,0.00797,0.00797,1.0,1.0
tuma1,0.005495,0.004471,0.004471,1.0,1.0
tuma2,0.005305,0.00421,0.00421,1.0,1.0
tumorAntiAngiogenesis_1,0.004548,0.022271,0.004548,0.0,0.0
tumorAntiAngiogenesis_2,0.004896,0.011819,0.004896,0.0,0.0
tumorAntiAngiogenesis_3,0.005182,0.014132,0.005182,0.0,0.0
tumorAntiAngiogenesis_4,0.004993,0.014899,0.004993,0.0,0.0
tumorAntiAngiogenesis_5,0.004943,0.014803,0.004943,0.0,0.0
tumorAntiAngiogenesis_6,0.004599,0.014588,0.004599,0.0,0.0
tumorAntiAngiogenesis_7,0.004946,0.015755,0.004946,0.0,0.0
tumorAntiAngiogenesis_8,0.004646,0.015614,0.004646,0.0,0.0
turon_m,0.014874,0.015904,0.014874,0.0,0.0
twotone,0.013787,0.024546,0.013787,0.0,0.0
tx2010,0.065899,0.064447,0.064447,1.0,1.0
uk,0.004878,0.003381,0.003381,1.0,1.0
uk-2002,2.877937,3.222402,2.877937,0.0,0.0
uk-2005,8.445597,1000000.0,8.079658,0.7796910002727695,0.5968501579464871
ukerbe1,0.004878,0.003913,0.003913,1.0,1.0
ukerbe1_dual,0.004678,0.003349,0.003349,1.0,1.0
umistfacesnorm_10NN,0.004609,0.00444,0.00444,1.0,1.0
usps_norm_5NN,0.005721,0.007779,0.005721,0.0,0.0
usroads,0.007163,0.006389,0.006389,1.0,1.0
usroads-48,0.007357,0.006405,0.006405,1.0,1.0
ut2010,0.01033,0.033126,0.01033,0.0,0.0
utm1700b,0.0048,0.004889,0.0048,0.0,0.0
utm300,0.004506,0.004826,0.004506,0.0,0.0
utm3060,0.004872,0.005262,0.004872,0.0,0.0
utm5940,0.00509,0.005464,0.00509,0.0,0.0
va2010,0.017148,0.025915,0.017148,0.0,0.0
vanbody,0.018588,0.033375,0.018588,0.0,0.0
vas_stokes_1M,0.336723,1000000.0,0.336723,0.0,0.0
vas_stokes_2M,0.622383,0.604018,0.604018,1.0,1.0
vas_stokes_4M,1.243494,1.237006,1.237006,1.0,1.0
venkat01,0.013858,0.010288,0.010288,1.0,1.0
venkat25,0.013891,0.01023,0.01023,1.0,1.0
venkat50,0.013875,0.010318,0.010318,1.0,1.0
venturiLevel3,0.224262,0.177987,0.177987,1.0,1.0
vfem,0.014093,0.012436,0.012436,1.0,1.0
vibrobox,0.00695,0.011054,0.00695,0.0,0.0
viscoplastic1,0.005098,0.005769,0.005098,0.0,0.0
viscoplastic2,0.007004,0.013135,0.007004,0.0,0.0
viscorocks,0.011562,0.010708,0.010708,1.0,1.0
vsp_barth5_1Ksep_50in_5Kout,0.007493,0.008572,0.007493,0.0,0.0
vsp_bcsstk30_500sep_10in_1Kout,0.059421,0.05189,0.05189,1.0,1.0
vsp_befref_fxm_2_4_air02,0.007422,0.013488,0.007422,0.0,0.0
vsp_bump2_e18_aa01_model1_crew1,0.009893,0.025413,0.009893,0.0,0.0
vsp_c-30_data_data,0.036906,0.026188,0.026188,1.0,1.0
vsp_c-60_data_cti_cs4,0.008745,0.015867,0.008745,0.0,0.0
vsp_data_and_seymourl,0.005549,0.017389,0.005549,0.0,0.0
vsp_finan512_scagr7-2c_rlfddd,0.014052,0.040836,0.014052,0.0,0.0
vsp_mod2_pgp2_slptsk,0.013386,0.025393,0.013386,0.0,0.0
vsp_model1_crew1_cr42_south31,0.008734,0.023758,0.008734,0.0,0.0
vsp_msc10848_300sep_100in_1Kout,0.03985,0.037538,0.037538,1.0,1.0
vsp_p0291_seymourl_iiasa,0.006069,0.017791,0.006069,0.0,0.0
vsp_sctap1-2b_and_seymourl,0.007726,0.022379,0.007726,0.0,0.0
vsp_south31_slptsk,0.009015,0.021509,0.009015,0.0,0.0
vsp_vibrobox_scagr7-2c_rlfddd,0.011632,0.033061,0.011632,0.0,0.0
vt2010,0.006003,0.010527,0.006003,0.0,0.0
wa2010,0.014305,0.036427,0.014305,0.0,0.0
wang1,0.004306,0.004177,0.004177,1.0,1.0
wang2,0.004428,0.004124,0.004124,1.0,1.0
wang3,0.005515,0.005688,0.005515,0.0,0.0
wang4,0.005407,0.005703,0.005407,0.0,0.0
water_tank,0.017132,0.016611,0.016611,1.0,1.0
wathen100,0.007439,0.007266,0.007266,1.0,1.0
wathen120,0.008165,0.008933,0.008165,0.0,0.0
watt_1,0.004325,0.004152,0.004152,1.0,1.0
watt_2,0.004936,0.014827,0.004936,0.0,0.0
wave,0.01987,0.023083,0.01987,0.0,0.0
waveguide3D,0.009256,0.009672,0.009256,0.0,0.0
wb-cs-stanford,0.007295,0.018541,0.007295,0.0,0.0
wb-edu,0.694175,0.768549,0.694175,0.0,0.0
web-BerkStan,0.088786,0.093169,0.088786,0.0,0.0
web-Google,0.07923,0.095268,0.07923,0.0,0.0
web-NotreDame,0.040038,0.035999,0.035999,1.0,1.0
web-Stanford,0.034916,0.073117,0.033048,0.45924889196586727,0.3337086111390219
webbase-1M,0.05222,0.049928,0.049928,1.0,1.0
webbase-2001,11.402817,14.329353,11.327276,0.45924889196586727,0.3337086111390219
west0381,0.004358,0.005528,0.004358,0.0,0.0
west0479,0.004986,0.004573,0.004573,1.0,1.0
west0497,0.004762,0.005403,0.004762,0.0,0.0
west0655,0.004815,0.004096,0.004096,1.0,1.0
west0989,0.004788,0.004422,0.004422,1.0,1.0
west1505,0.005194,0.004436,0.004436,1.0,1.0
west2021,0.005141,0.004064,0.004064,1.0,1.0
whitaker3,0.004811,0.004805,0.004805,1.0,1.0
whitaker3_dual,0.004973,0.00406,0.00406,1.0,1.0
wi2010,0.015194,0.019628,0.015194,0.0,0.0
wiki-RfA,0.008485,0.018279,0.008485,0.0,0.0
wiki-Talk,0.430738,0.090601,0.090601,1.0,1.0
wiki-Vote,0.007492,0.017485,0.007492,0.0,0.0
wiki-talk-temporal,0.082054,0.065659,0.065659,1.0,1.0
wiki-topcats,0.335499,1000000.0,0.335499,0.0,0.0
wikipedia-20051105,0.265453,0.255348,0.25249,0.7796910002727695,0.5968501579464871
wikipedia-20060925,0.592659,0.392292,0.392292,1.0,1.0
wikipedia-20061104,0.637325,1000000.0,0.564863,0.9603931978668461,0.20166052561522413
wikipedia-20070206,0.766774,0.486503,0.486503,1.0,1.0
windscreen,0.012635,0.011261,0.011261,1.0,1.0
windtunnel_evap2d,0.00634,0.006293,0.006293,1.0,1.0
windtunnel_evap3d,0.03014,0.029581,0.02558,0.45924889196586727,0.3337086111390219
wing,0.008304,0.006911,0.006911,1.0,1.0
wing_nodal,0.007482,0.007439,0.007439,1.0,1.0
worms20_10NN,0.006593,0.006647,0.006593,0.0,0.0
wv2010,0.010736,0.01872,0.010736,0.0,0.0
ww_36_pmec_36,0.004366,0.004764,0.004366,0.0,0.0
ww_vref_6405,0.00509,0.005876,0.00509,0.0,0.0
wy2010,0.008995,0.018734,0.008995,0.0,0.0
x104,0.095613,0.100809,0.095613,0.0,0.0
xenon1,0.011995,0.01107,0.01107,1.0,1.0
xenon2,0.046344,0.041969,0.032202,0.8138861848684447,0.4890446881986652
xingo3012,0.005962,0.006152,0.005962,0.0,0.0
xingo_afonso_itaipu,0.005204,0.006014,0.005204,0.0,0.0
yeast,0.0055,0.007266,0.0055,0.0,0.0
yeast_30NN,0.006068,0.009172,0.006068,0.0,0.0
young1c,0.004172,0.003905,0.003905,1.0,1.0
young2c,0.004301,0.003759,0.003759,1.0,1.0
young3c,0.004158,0.003871,0.003871,1.0,1.0
young4c,0.00417,0.003725,0.003725,1.0,1.0
zenios,0.00488,0.00601,0.00488,0.0,0.0
zeros_nopss_13k,0.005038,0.006011,0.005038,0.0,0.0
