Matrix,Init Time (ms),Best Time (ms),Best col_frac,Best hot_frac
bcsstm08,0.003126,0.003126,1,1
bcsstm09,0.003129,0.003129,1,1
bcsstm11,0.003141,0.003141,1,1
bcsstm23,0.003229,0.003229,1,1
bcsstm26,0.003357,0.003357,1,1
t3dl_e,0.003359,0.003359,1,1
bcsstm25,0.003387,0.003387,1,1
bcsstm21,0.003398,0.003398,1,1
t2dal_e,0.00341,0.00341,1,1
m3plates,0.003412,0.003412,1,1
bcsstm24,0.003442,0.003442,1,1
bibd_81_2,0.003451,0.003451,1,1
ch5-5-b3,0.003518,0.003518,1,1
G11,0.00353,0.00353,1,1
G50,0.003559,0.003559,1,1
L,0.00357,0.00357,1,1
G32,0.003571,0.003571,1,1
G33,0.003593,0.003593,1,1
G57,0.003596,0.003596,1,1
tub1000,0.003619,0.003619,1,1
G49,0.003627,0.003627,1,1
bwm2000,0.003628,0.003628,1,1
bcsstm39,0.003648,0.003648,1,1
commanche_dual,0.003652,0.003652,1,1
G48,0.003716,0.003716,1,1
G62,0.003719,0.003719,1,1
G67,0.003754,0.003754,1,1
G13,0.003769,0.003769,1,1
G12,0.003809,0.003809,1,1
epb0,0.003812,0.003812,1,1
stufe,0.003816,0.003816,1,1
G66,0.003835,0.003835,1,1
G65,0.003861,0.003861,1,1
G34,0.003888,0.003888,1,1
grid2,0.003899,0.003899,1,1
ukerbe1_dual,0.003913,0.003913,1,1
rw5151,0.003948,0.003948,1,1
diag,0.003978,0.003978,1,1
netz4504_dual,0.003978,0.003978,1,1
odepa400,0.004009,0.004009,1,1
lshp_265,0.004058,0.004058,1,1
dwt_307,0.00406,0.00406,1,1
662_bus,0.004063,0.004063,1,1
Trefethen_300,0.00407,0.00407,1,1
Trefethen_200,0.004081,0.004081,1,1
saylr1,0.004084,0.004084,1,1
lshp_577,0.004089,0.004089,1,1
rw496,0.004114,0.004114,1,1
pde225,0.004116,0.004116,1,1
bfwb398,0.004128,0.004128,1,1
nos2,0.004132,0.004132,1,1
dw256A,0.004139,0.004139,1,1
impcol_e,0.004143,0.004143,1,1
dwt_209,0.004146,0.004146,1,1
oscil_dcop_54,0.004155,0.004155,1,1
olm500,0.004156,0.004156,1,1
orbitRaising_1,0.004156,0.004156,1,1
dwa512,0.004162,0.004162,1,1
can_144,0.004163,0.004163,1,1
mesh2em5,0.00417,0.00417,1,1
oscil_dcop_35,0.00417,0.00417,1,1
ck400,0.004171,0.004171,1,1
gr_30_30,0.004171,0.004171,1,1
mesh3e1,0.004171,0.004171,1,1
mesh3em5,0.004171,0.004171,1,1
se,0.004171,0.004171,1,1
lshp1270,0.004173,0.004173,1,1
dwb512,0.004176,0.004176,1,1
dwt_221,0.004176,0.004176,1,1
lshp1561,0.004177,0.004177,1,1
oscil_dcop_25,0.004182,0.004182,1,1
oscil_dcop_04,0.004194,0.004194,1,1
oscil_dcop_30,0.004194,0.004194,1,1
jagmesh3,0.004197,0.004197,1,1
dwg961a,0.004198,0.004198,1,1
nos1,0.004202,0.004202,1,1
can_445,0.004207,0.004207,1,1
oscil_dcop_17,0.004208,0.004208,1,1
west0479,0.004209,0.004209,1,1
M10PI_n1,0.00421,0.00421,1,1
oscil_dcop_16,0.00421,0.00421,1,1
oscil_dcop_28,0.004211,0.004211,1,1
oscil_dcop_15,0.004212,0.004212,1,1
west0989,0.004212,0.004212,1,1
Pd,0.004213,0.004213,1,1
cdde6,0.004213,0.004213,1,1
jagmesh5,0.004213,0.004213,1,1
olm1000,0.004213,0.004213,1,1
oscil_dcop_48,0.004213,0.004213,1,1
rdb200l,0.004213,0.004213,1,1
uk,0.004213,0.004213,1,1
football,0.00422,0.00422,1,1
dw256B,0.004222,0.004222,1,1
mhdb416,0.004222,0.004222,1,1
qh768,0.004223,0.004223,1,1
494_bus,0.004224,0.004224,1,1
grid2_dual,0.004224,0.004224,1,1
sherman1,0.004225,0.004225,1,1
cdde1,0.004226,0.004226,1,1
cdde5,0.004226,0.004226,1,1
dwt_1007,0.004226,0.004226,1,1
dwt_869,0.004226,0.004226,1,1
jagmesh4,0.004226,0.004226,1,1
pde900,0.004226,0.004226,1,1
oscil_dcop_45,0.004228,0.004228,1,1
oscil_dcop_11,0.00423,0.00423,1,1
dwt_361,0.004231,0.004231,1,1
Trefethen_200b,0.004234,0.004234,1,1
oscil_dcop_47,0.004234,0.004234,1,1
oscil_dcop_19,0.004235,0.004235,1,1
ck656,0.004241,0.004241,1,1
L-9,0.004247,0.004247,1,1
young2c,0.004248,0.004248,1,1
ash292,0.004251,0.004251,1,1
oscil_dcop_43,0.004252,0.004252,1,1
lshp_778,0.004253,0.004253,1,1
oscil_dcop_03,0.004253,0.004253,1,1
oscil_dcop_09,0.004253,0.004253,1,1
fs_680_1,0.004254,0.004254,1,1
oscil_dcop_07,0.004255,0.004255,1,1
fs_680_2,0.004256,0.004256,1,1
bcsstk20,0.004262,0.004262,1,1
lshp_406,0.004268,0.004268,1,1
olm2000,0.004268,0.004268,1,1
oscil_dcop_53,0.004268,0.004268,1,1
oscil_dcop_57,0.004268,0.004268,1,1
oscil_dcop_33,0.004271,0.004271,1,1
fs_680_3,0.004281,0.004281,1,1
can_229,0.004284,0.004284,1,1
oscil_dcop_31,0.004284,0.004284,1,1
nnc261,0.004286,0.004286,1,1
gre_343,0.004287,0.004287,1,1
stufe-10,0.004287,0.004287,1,1
can_187,0.004288,0.004288,1,1
n3c6-b7,0.00429,0.00429,1,1
dwt_310,0.004293,0.004293,1,1
ukerbe1,0.004293,0.004293,1,1
impcol_d,0.004297,0.004297,1,1
oscil_dcop_21,0.0043,0.0043,1,1
oscil_dcop_12,0.004303,0.004303,1,1
bcsstm37,0.004304,0.004304,1,1
dwt_592,0.004306,0.004306,1,1
jagmesh8,0.004306,0.004306,1,1
jagmesh2,0.004309,0.004309,1,1
dermatology_5NN,0.00431,0.00431,1,1
685_bus,0.004311,0.004311,1,1
cdde3,0.004311,0.004311,1,1
nos3,0.004312,0.004312,1,1
young3c,0.004313,0.004313,1,1
oscil_dcop_37,0.004314,0.004314,1,1
M40PI_n1,0.00432,0.00432,1,1
S10PI_n1,0.00432,0.00432,1,1
nnc1374,0.00432,0.00432,1,1
dwt_162,0.004324,0.004324,1,1
gre_512,0.004324,0.004324,1,1
jagmesh7,0.004325,0.004325,1,1
oscil_dcop_08,0.00433,0.00433,1,1
dwt_245,0.004331,0.004331,1,1
dwt_607,0.004331,0.004331,1,1
cdde4,0.004332,0.004332,1,1
dwt_992,0.004332,0.004332,1,1
oscil_dcop_23,0.004332,0.004332,1,1
Trefethen_150,0.004334,0.004334,1,1
dw2048,0.004334,0.004334,1,1
blckhole,0.004338,0.004338,1,1
oscil_dcop_02,0.004338,0.004338,1,1
bcspwr07,0.00434,0.00434,1,1
oscil_dcop_22,0.004343,0.004343,1,1
qh1484,0.004343,0.004343,1,1
west0655,0.004344,0.004344,1,1
west0381,0.004349,0.004349,1,1
oscil_dcop_01,0.00435,0.00435,1,1
oscil_trans_01,0.004354,0.004354,1,1
S80PI_n1,0.004355,0.004355,1,1
oscil_dcop_24,0.004362,0.004362,1,1
oscil_dcop_55,0.004363,0.004363,1,1
S40PI_n1,0.004364,0.004364,1,1
lshp1882,0.004366,0.004366,1,1
pores_2,0.004369,0.004369,1,1
bfwa398,0.004371,0.004371,1,1
oscil_dcop_06,0.004377,0.004377,1,1
oscil_dcop_14,0.004378,0.004378,1,1
oscil_dcop_42,0.004378,0.004378,1,1
oscil_dcop_26,0.00438,0.00438,1,1
b2_ss,0.004383,0.004383,1,1
gre_1107,0.004384,0.004384,1,1
b_dyn,0.004385,0.004385,1,1
extr1,0.004385,0.004385,1,1
nos6,0.004386,0.004386,1,1
oscil_dcop_05,0.004388,0.004388,1,1
bcspwr08,0.004398,0.004398,1,1
lshp3466,0.004398,0.004398,1,1
oscil_dcop_29,0.004399,0.004399,1,1
swang2,0.004399,0.004399,1,1
1138_bus,0.004403,0.004403,1,1
DK01R,0.004405,0.004405,1,1
pores_3,0.004405,0.004405,1,1
oscil_dcop_56,0.004406,0.004406,1,1
west1505,0.004408,0.004408,1,1
dw1024,0.004413,0.004413,1,1
jagmesh1,0.004416,0.004416,1,1
west2021,0.004416,0.004416,1,1
young1c,0.004416,0.004416,1,1
lshp2614,0.004417,0.004417,1,1
bcspwr09,0.004424,0.004424,1,1
rdb1250,0.004425,0.004425,1,1
oscil_dcop_50,0.004426,0.004426,1,1
data,0.004427,0.004427,1,1
cage7,0.004428,0.004428,1,1
extr1b,0.004429,0.004429,1,1
laser,0.00443,0.00443,1,1
bcsstm38,0.004432,0.004432,1,1
Trefethen_500,0.004433,0.004433,1,1
oscil_dcop_10,0.004434,0.004434,1,1
oscil_dcop_27,0.004436,0.004436,1,1
bcspwr05,0.004437,0.004437,1,1
mesh2e1,0.004437,0.004437,1,1
oscil_dcop_39,0.004437,0.004437,1,1
oscil_dcop_18,0.004439,0.004439,1,1
plsk1919,0.004443,0.004443,1,1
lns_511,0.004445,0.004445,1,1
minnesota,0.004445,0.004445,1,1
oscil_dcop_44,0.004445,0.004445,1,1
qh882,0.004445,0.004445,1,1
oscil_dcop_34,0.004446,0.004446,1,1
oscil_dcop_41,0.004446,0.004446,1,1
oscil_dcop_46,0.004446,0.004446,1,1
watt_1,0.004447,0.004447,1,1
nnc666,0.004448,0.004448,1,1
plat362,0.004451,0.004451,1,1
M10PI_n,0.004452,0.004452,1,1
bcsstm35,0.004452,0.004452,1,1
jpwh_991,0.004452,0.004452,1,1
lnsp_511,0.004452,0.004452,1,1
3elt_dual,0.004453,0.004453,1,1
oscil_dcop_52,0.004454,0.004454,1,1
dwt_878,0.004455,0.004455,1,1
young4c,0.004455,0.004455,1,1
bfly,0.004456,0.004456,1,1
oscil_dcop_20,0.004456,0.004456,1,1
jagmesh9,0.004457,0.004457,1,1
nos7,0.004457,0.004457,1,1
oscil_dcop_13,0.004457,0.004457,1,1
rdb2048_noL,0.004462,0.004462,1,1
sherman4,0.004463,0.004463,1,1
lshp1009,0.004466,0.004466,1,1
olm5000,0.004467,0.004467,1,1
M20PI_n1,0.004468,0.004468,1,1
rdb450,0.004468,0.004468,1,1
ccc,0.004469,0.004469,1,1
filter2D,0.004471,0.004471,1,1
fs_541_4,0.004474,0.004474,1,1
cryg2500,0.004475,0.004475,1,1
oscil_dcop_49,0.004478,0.004478,1,1
oscil_dcop_51,0.004479,0.004479,1,1
S10PI_n,0.004481,0.004481,1,1
dwt_419,0.004481,0.004481,1,1
dwt_758,0.004481,0.004481,1,1
circuit204,0.004482,0.004482,1,1
oscil_dcop_40,0.004487,0.004487,1,1
bcsstk09,0.004488,0.004488,1,1
swang1,0.004488,0.004488,1,1
oscil_dcop_38,0.00449,0.00449,1,1
oscil_dcop_32,0.004491,0.004491,1,1
dwt_1242,0.004492,0.004492,1,1
bcspwr06,0.004497,0.004497,1,1
dwt_918,0.004498,0.004498,1,1
cage8,0.0045,0.0045,1,1
cdde2,0.0045,0.0045,1,1
dwt_346,0.0045,0.0045,1,1
lshp2233,0.0045,0.0045,1,1
orsreg_1,0.0045,0.0045,1,1
oscil_dcop_36,0.0045,0.0045,1,1
saylr3,0.004502,0.004502,1,1
rdb800l,0.004601,0.004504,0,0
sphere3,0.004509,0.004509,1,1
bcsstk19,0.004511,0.004511,1,1
lns_3937,0.004517,0.004517,1,1
bcsstk05,0.004524,0.004524,1,1
aug2d,0.004526,0.004526,1,1
M80PI_n1,0.004529,0.004529,1,1
cage,0.004529,0.004529,1,1
rdb450l,0.00453,0.00453,1,1
S20PI_n1,0.004532,0.004532,1,1
biplane-9,0.004534,0.004534,1,1
dwt_492,0.004543,0.004543,1,1
orbitRaising_3,0.004543,0.004543,1,1
poisson2D,0.004543,0.004543,1,1
rail_1357,0.004543,0.004543,1,1
rdb200,0.004569,0.004543,0,0
wang2,0.004544,0.004544,1,1
mhd3200b,0.004546,0.004546,1,1
EX2,0.004547,0.004547,1,1
aug2dc,0.004549,0.004549,1,1
ex29,0.004549,0.004549,1,1
netz4504,0.004551,0.004551,1,1
plskz362,0.004555,0.004555,1,1
bcsstk21,0.004556,0.004556,1,1
nos5,0.004557,0.004557,1,1
dtoc,0.004559,0.004559,1,1
lund_a,0.004769,0.004562,0,0
EX1,0.004566,0.004566,1,1
airfoil1_dual,0.004566,0.004566,1,1
bcspwr04,0.004568,0.004568,1,1
lshp3025,0.00461,0.004568,0,0
rdb3200l,0.004818,0.004569,0,0
can_161,0.00457,0.00457,1,1
rdb2048,0.004572,0.004572,1,1
problem1,0.004578,0.004578,1,1
dwt_512,0.00458,0.00458,1,1
whitaker3_dual,0.00458,0.00458,1,1
delaunay_n10,0.004581,0.004581,1,1
Trefethen_700,0.004582,0.004582,1,1
delaunay_n11,0.004583,0.004583,1,1
tumorAntiAngiogenesis_1,0.009706,0.004586,0,0
dataset18mfeatmorphological_10NN,0.004587,0.004587,1,1
pde2961,0.004664,0.004593,0,0
YaleA_10NN,0.004979,0.004594,0,0
jagmesh6,0.004594,0.004594,1,1
shyy41,0.004597,0.004597,1,1
lund_b,0.004601,0.004601,1,1
Roget,0.004602,0.004602,1,1
fs_541_1,0.00475,0.004602,0,0
wang1,0.004602,0.004602,1,1
steam1,0.00471,0.004605,0,0
fs_541_3,0.004612,0.004612,1,1
hydr1c,0.00462,0.00462,1,1
sherman3,0.00462,0.00462,1,1
mhd4800b,0.004621,0.004621,1,1
spaceShuttleEntry_1,0.007133,0.004621,0,0
qpband,0.004622,0.004622,1,1
Chebyshev1,0.006806,0.004623,0,0
Hamrle2,0.004624,0.004624,1,1
dwg961b,0.004624,0.004624,1,1
rdb1250l,0.004624,0.004624,1,1
saylr4,0.004769,0.004626,0,0
fs_541_2,0.004628,0.004628,1,1
cz148,0.004832,0.004633,0,0
sstmodel,0.004634,0.004634,1,1
crack_dual,0.004636,0.004636,1,1
TS,0.004639,0.004639,1,1
mycielskian7,0.005618,0.004649,0,0
fs_760_1,0.004652,0.004652,1,1
bfwb782,0.004654,0.004654,1,1
mice_10NN,0.004662,0.004662,1,1
GD96_a,0.004664,0.004664,1,1
dwt_198,0.004667,0.004665,0,0
lnsp3937,0.004669,0.004669,1,1
dwt_2680,0.00467,0.00467,1,1
cz628,0.004677,0.004677,1,1
plat1919,0.004678,0.004678,1,1
tuma2,0.00468,0.00468,1,1
ex32,0.004686,0.004686,1,1
Spectro_10NN,0.005128,0.004691,0,0
spaceStation_3,0.005978,0.004695,0,0
rdb968,0.004699,0.004699,1,1
dwt_193,0.004922,0.004701,0,0
breasttissue_10NN,0.004995,0.004702,0,0
fs_760_2,0.004703,0.004703,1,1
orsirr_2,0.004706,0.004706,1,1
airfoil1,0.004734,0.004707,0,0
hydr1,0.004714,0.004714,1,1
steam2,0.004715,0.004715,1,1
TSOPF_RS_b9_c6,0.004727,0.004727,1,1
ww_36_pmec_36,0.004806,0.004736,0,0
lung1,0.004737,0.004737,1,1
can_715,0.007467,0.004741,0,0
rajat05,0.004818,0.004741,0,0
fd15,0.004742,0.004742,1,1
ex15,0.004748,0.004748,1,1
iris_dataset_30NN,0.00578,0.004751,0,0
Glass_10NN,0.004816,0.004752,0,0
umistfacesnorm_10NN,0.005021,0.004754,0,0
str_400,0.004758,0.004758,1,1
bcsstk07,0.004759,0.004759,1,1
cell1,0.004759,0.004759,1,1
barth4,0.004762,0.004762,1,1
can_634,0.004766,0.004766,1,1
thermal,0.004766,0.004766,1,1
USpowerGrid,0.004769,0.004769,1,1
Vehicle_10NN,0.005055,0.004771,0,0
ex1,0.005688,0.004782,0,0
CAG_mat72,0.00499,0.004785,0,0
can_268,0.005233,0.004785,0,0
ex33,0.004787,0.004787,1,1
delaunay_n12,0.005091,0.004788,0,0
fs_760_3,0.004801,0.004801,1,1
cell2,0.004813,0.004813,1,1
arc130,0.007361,0.004815,0,0
orsirr_1,0.004816,0.004816,1,1
S80PI_n,0.004821,0.004821,1,1
tols90,0.007385,0.004821,0,0
orbitRaising_2,0.005185,0.004824,0,0
str_200,0.004849,0.004824,0,0
rajat14,0.007705,0.004826,0,0
Journals,0.009777,0.004829,0,0
orbitRaising_4,0.004829,0.004829,1,1
power,0.004829,0.004829,1,1
dw8192,0.004834,0.004834,1,1
shock-9,0.004835,0.004835,1,1
fd12,0.004841,0.004841,1,1
Ecoli_10NN,0.004883,0.004842,0,0
G45,0.005234,0.004843,0,0
Sieber,0.007195,0.004849,0,0
bcsstm07,0.004937,0.004849,0,0
dataset16mfeatkarhunen_10NN,0.005244,0.004849,0,0
rdb5000,0.004851,0.004851,1,1
bfwa782,0.005336,0.004853,0,0
bcsstk02,0.006586,0.004856,0,0
dataset12mfeatfactors_10NN,0.005504,0.004861,0,0
3elt,0.0049,0.004862,0,0
celegansneural,0.005192,0.004862,0,0
G20,0.008167,0.004863,0,0
big_dual,0.004867,0.004867,1,1
lowThrust_2,0.007536,0.004868,0,0
G17,0.008517,0.004869,0,0
ex18,0.004873,0.004873,1,1
t2dal_bci,0.004875,0.004875,1,1
G14,0.008489,0.004876,0,0
adder_dcop_36,0.009978,0.004879,0,0
t2dal_a,0.004887,0.004887,1,1
bcsstk04,0.005482,0.004888,0,0
bcspwr10,0.004889,0.004889,1,1
Erdos971,0.005317,0.004897,0,0
bcsstm12,0.005152,0.004897,0,0
M80PI_n,0.004898,0.004898,1,1
dw4096,0.004898,0.004898,1,1
M40PI_n,0.004899,0.004899,1,1
dwt_1005,0.005059,0.004899,0,0
bcsstm10,0.004902,0.004902,1,1
mhd1280b,0.004907,0.004907,1,1
cage9,0.005205,0.00491,0,0
ncvxqp1,0.004911,0.004911,1,1
G51,0.00945,0.004912,0,0
S20PI_n,0.004912,0.004912,1,1
aug3d,0.004912,0.004912,1,1
ncvxqp9,0.004912,0.004912,1,1
Plants_10NN,0.005333,0.004913,0,0
adder_dcop_67,0.009853,0.004913,0,0
gemat11,0.005821,0.004913,0,0
adder_dcop_28,0.010011,0.004914,0,0
adder_dcop_65,0.009856,0.004914,0,0
adder_dcop_19,0.010011,0.004916,0,0
dataset20mfeatpixel_10NN,0.005665,0.004917,0,0
utm300,0.004918,0.004918,1,1
shallow_water1,0.004919,0.004919,1,1
can_292,0.005052,0.00492,0,0
G21,0.00846,0.004923,0,0
spaceStation_2,0.00535,0.004923,0,0
micromass_10NN,0.008797,0.004925,0,0
adder_dcop_16,0.009817,0.004926,0,0
adder_dcop_42,0.009914,0.004927,0,0
adder_dcop_21,0.009818,0.004928,0,0
adder_dcop_26,0.010364,0.004928,0,0
adder_dcop_51,0.009897,0.004928,0,0
M20PI_n,0.004929,0.004929,1,1
adder_dcop_11,0.010116,0.00493,0,0
adder_dcop_23,0.01015,0.00493,0,0
shallow_water2,0.00493,0.00493,1,1
spaceStation_4,0.007511,0.004931,0,0
g7jac010,0.005341,0.004932,0,0
tumorAntiAngiogenesis_8,0.009081,0.004933,0,0
adder_dcop_22,0.009978,0.004935,0,0
ex21,0.006903,0.004936,0,0
adder_dcop_38,0.009884,0.004941,0,0
adder_dcop_48,0.0102,0.004941,0,0
G15,0.009281,0.004944,0,0
str_600,0.004949,0.004949,1,1
cz308,0.004951,0.004951,1,1
adder_dcop_47,0.010041,0.004952,0,0
adder_dcop_53,0.009808,0.004954,0,0
can_838,0.005172,0.004954,0,0
Erdos991,0.005336,0.004955,0,0
adder_dcop_43,0.009902,0.004955,0,0
adder_dcop_12,0.009917,0.004956,0,0
t2dal,0.005011,0.004956,0,0
G52,0.009112,0.004957,0,0
adder_dcop_18,0.009994,0.004958,0,0
adder_dcop_68,0.009962,0.004958,0,0
mhda416,0.004959,0.004959,1,1
plantsmargin_12NN,0.006068,0.00496,0,0
G16,0.008277,0.004961,0,0
G46,0.004964,0.004964,1,1
flowmeter0,0.005226,0.004964,0,0
adder_dcop_34,0.0102,0.004966,0,0
GD06_Java,0.0066,0.004968,0,0
linverse,0.004968,0.004968,1,1
cryg10000,0.005025,0.004969,0,0
adder_dcop_57,0.010043,0.00497,0,0
adder_dcop_15,0.010139,0.004972,0,0
adder_dcop_45,0.010138,0.004972,0,0
adder_dcop_06,0.010157,0.004973,0,0
tumorAntiAngiogenesis_7,0.008937,0.004973,0,0
cavity03,0.006098,0.004974,0,0
tumorAntiAngiogenesis_5,0.010025,0.004974,0,0
G47,0.005037,0.004976,0,0
adder_dcop_40,0.009991,0.004976,0,0
fs_183_3,0.006008,0.004976,0,0
adder_dcop_10,0.010098,0.004977,0,0
adder_dcop_59,0.00982,0.004978,0,0
fs_183_4,0.00592,0.004978,0,0
plbuckle,0.005112,0.004978,0,0
adder_dcop_20,0.010002,0.004979,0,0
adder_dcop_30,0.010136,0.004979,0,0
hangGlider_2,0.007295,0.004979,0,0
spaceShuttleEntry_2,0.008207,0.00498,0,0
bcsstk34,0.005602,0.004981,0,0
mcca,0.006671,0.004981,0,0
adder_dcop_35,0.009804,0.004982,0,0
bp_200,0.010454,0.004983,0,0
adder_dcop_17,0.010071,0.004984,0,0
adder_dcop_55,0.009991,0.004984,0,0
ex4,0.005483,0.004984,0,0
adder_dcop_61,0.010124,0.004985,0,0
G53,0.008689,0.004987,0,0
rail_5177,0.004987,0.004987,1,1
Olivetti_norm_10NN,0.006235,0.004988,0,0
adder_dcop_32,0.010121,0.004989,0,0
Si2,0.006612,0.00499,0,0
collins_15NN,0.005322,0.00499,0,0
Trefethen_2000,0.005208,0.004992,0,0
lock_700,0.006801,0.004992,0,0
dwt_503,0.005255,0.004993,0,0
semeion_10NN,0.005008,0.004993,0,0
flowmeter5,0.004996,0.004996,1,1
ACTIVSg2000,0.005311,0.004997,0,0
sherman5,0.004997,0.004997,1,1
LF10000,0.005705,0.004999,0,0
spaceStation_11,0.009218,0.005,0,0
ODLIS,0.005612,0.005001,0,0
can_1054,0.005046,0.005001,0,0
adder_dcop_24,0.010073,0.005003,0,0
adder_dcop_31,0.010039,0.005003,0,0
adder_dcop_39,0.010121,0.005003,0,0
can_1072,0.005007,0.005007,1,1
sit100,0.00501,0.00501,1,1
bcsstk06,0.005012,0.005012,1,1
cavity01,0.006286,0.005013,0,0
fpga_dcop_21,0.005014,0.005014,1,1
mycielskian8,0.007337,0.005015,0,0
G44,0.005186,0.005017,0,0
adder_dcop_64,0.010043,0.005017,0,0
bp_800,0.010171,0.005017,0,0
can_256,0.006218,0.005017,0,0
ex36,0.005661,0.005017,0,0
adder_dcop_46,0.009988,0.005018,0,0
goddardRocketProblem_1,0.013855,0.005018,0,0
adder_dcop_54,0.010189,0.005019,0,0
G56,0.005023,0.005023,1,1
adder_dcop_41,0.009975,0.005024,0,0
hor_131,0.005191,0.005024,0,0
utm3060,0.00541,0.005027,0,0
adder_trans_01,0.013768,0.005028,0,0
g7jac010sc,0.005138,0.005028,0,0
delaunay_n13,0.005305,0.005029,0,0
lowThrust_1,0.01061,0.005029,0,0
adder_dcop_52,0.010162,0.00503,0,0
G54,0.008719,0.005032,0,0
dataset22mfeatzernike_10NN,0.005445,0.005032,0,0
fpga_dcop_01,0.005033,0.005033,1,1
fpga_dcop_32,0.005033,0.005033,1,1
fpga_trans_01,0.005272,0.005033,0,0
bp_1600,0.010431,0.005034,0,0
fpga_dcop_18,0.005034,0.005034,1,1
utm1700b,0.005034,0.005034,1,1
adder_dcop_09,0.010334,0.005035,0,0
LeGresley_2508,0.005114,0.005036,0,0
S40PI_n,0.005043,0.005043,1,1
celegans_metabolic,0.011648,0.005043,0,0
bp_1000,0.011352,0.005044,0,0
fs_183_6,0.006,0.005044,0,0
Erdos981,0.00512,0.005047,0,0
adder_dcop_29,0.009998,0.005047,0,0
rajat04,0.010008,0.005047,0,0
rbsb480,0.00512,0.005048,0,0
tumorAntiAngiogenesis_6,0.009451,0.005048,0,0
adder_dcop_50,0.010007,0.005049,0,0
fpga_dcop_06,0.005049,0.005049,1,1
fv3,0.005049,0.005049,1,1
G19,0.009391,0.00505,0,0
adder_dcop_66,0.01004,0.00505,0,0
CurlCurl_0,0.005051,0.005051,1,1
adder_dcop_07,0.01045,0.005051,0,0
adder_dcop_60,0.009985,0.005051,0,0
nasa1824,0.005851,0.005054,0,0
bp_1200,0.010119,0.005056,0,0
qc324,0.007692,0.005059,0,0
adder_dcop_62,0.009905,0.00506,0,0
G43,0.005191,0.005063,0,0
LFAT5000,0.005064,0.005064,1,1
fpga_dcop_11,0.005064,0.005064,1,1
fpga_dcop_45,0.005064,0.005064,1,1
CAG_mat364,0.007278,0.005066,0,0
fpga_dcop_33,0.005066,0.005066,1,1
fpga_dcop_43,0.005066,0.005066,1,1
spaceStation_6,0.00797,0.005066,0,0
spaceStation_9,0.008912,0.005067,0,0
fpga_dcop_09,0.005068,0.005068,1,1
fpga_dcop_26,0.00507,0.00507,1,1
adder_dcop_14,0.00996,0.005071,0,0
pesa,0.005171,0.005072,0,0
spaceShuttleEntry_4,0.008289,0.005075,0,0
west0497,0.005077,0.005077,1,1
adder_dcop_08,0.009921,0.00508,0,0
bcsstk23,0.005463,0.005082,0,0
fpga_dcop_08,0.005082,0.005082,1,1
fpga_dcop_22,0.005082,0.005082,1,1
spaceShuttleEntry_3,0.008131,0.005082,0,0
Kaufhold,0.005999,0.005083,0,0
fpga_dcop_12,0.005083,0.005083,1,1
fpga_dcop_41,0.005083,0.005083,1,1
spaceStation_13,0.00998,0.005083,0,0
Binaryalphadigs_10NN,0.005094,0.005085,0,0
fpga_dcop_35,0.005086,0.005086,1,1
adder_dcop_25,0.010038,0.005089,0,0
fpga_dcop_05,0.005092,0.005092,1,1
G55,0.005096,0.005096,1,1
adder_dcop_49,0.009912,0.005098,0,0
fpga_dcop_48,0.005098,0.005098,1,1
G18,0.008322,0.005099,0,0
adder_dcop_33,0.00995,0.005099,0,0
fpga_dcop_16,0.005099,0.005099,1,1
adder_dcop_69,0.00992,0.0051,0,0
fpga_dcop_20,0.005101,0.005101,1,1
spaceStation_12,0.009175,0.005101,0,0
CSphd,0.005102,0.005102,1,1
fpga_dcop_02,0.005102,0.005102,1,1
spaceStation_8,0.0084,0.005102,0,0
fpga_dcop_46,0.005103,0.005103,1,1
msc00726,0.007629,0.005103,0,0
plantstexture_10NN,0.005339,0.005104,0,0
circuit_1,0.012989,0.005106,0,0
init_adder1,0.010252,0.005107,0,0
fpga_dcop_04,0.005111,0.005111,1,1
fpga_dcop_13,0.005112,0.005112,1,1
str_0,0.005319,0.005112,0,0
cti,0.005635,0.005114,0,0
fpga_dcop_07,0.005114,0.005114,1,1
mycielskian9,0.011274,0.005114,0,0
adder_dcop_27,0.009968,0.005118,0,0
fpga_dcop_28,0.005118,0.005118,1,1
rajat02,0.011876,0.005121,0,0
tumorAntiAngiogenesis_4,0.009169,0.005121,0,0
crack,0.005123,0.005123,1,1
rbsa480,0.005123,0.005123,1,1
fpga_dcop_42,0.005126,0.005126,1,1
gemat12,0.006428,0.005126,0,0
radfr1,0.005346,0.005127,0,0
adder_trans_02,0.013774,0.005129,0,0
fpga_dcop_25,0.005129,0.005129,1,1
fpga_dcop_37,0.005129,0.005129,1,1
fpga_dcop_49,0.005129,0.005129,1,1
adder_dcop_56,0.009943,0.00513,0,0
bcsstk08,0.014552,0.00513,0,0
adder_dcop_63,0.009917,0.005131,0,0
cegb3306,0.007032,0.005131,0,0
epb1,0.005589,0.005131,0,0
bayer09,0.005136,0.005136,1,1
spaceStation_7,0.00791,0.005137,0,0
fpga_dcop_23,0.005139,0.005139,1,1
adder_dcop_13,0.0099,0.005141,0,0
fpga_dcop_31,0.005141,0.005141,1,1
spaceStation_14,0.011976,0.005145,0,0
adder_dcop_03,0.009982,0.005146,0,0
adder_dcop_37,0.010185,0.005146,0,0
ex10,0.005877,0.005148,0,0
fv1,0.005148,0.005148,1,1
tumorAntiAngiogenesis_2,0.008501,0.005148,0,0
adder_dcop_58,0.010073,0.005152,0,0
fd18,0.005152,0.005152,1,1
spaceStation_5,0.007665,0.005152,0,0
fe_4elt2,0.005153,0.005153,1,1
G42,0.012996,0.005155,0,0
tuma1,0.005158,0.005158,1,1
G36,0.012533,0.005159,0,0
G38,0.012965,0.00516,0,0
cavity02,0.006487,0.005161,0,0
bcsstk10,0.005355,0.005162,0,0
TSOPF_RS_b39_c7,0.005163,0.005163,1,1
adder_dcop_02,0.010163,0.005163,0,0
bcsstm34,0.006734,0.005163,0,0
cavity09,0.006809,0.005165,0,0
G41,0.015302,0.00517,0,0
ex2,0.009233,0.00517,0,0
rotor2,0.005886,0.005171,0,0
t2d_q4,0.005171,0.005171,1,1
cz2548,0.005208,0.005176,0,0
fpga_trans_02,0.005379,0.005176,0,0
hangGlider_1,0.007503,0.005176,0,0
adder_dcop_04,0.010121,0.005178,0,0
cca,0.005178,0.005178,1,1
freeFlyingRobot_1,0.008222,0.005179,0,0
whitaker3,0.005181,0.005181,1,1
cavity04,0.00669,0.005183,0,0
eurqsa,0.005907,0.005183,0,0
G37,0.015159,0.005184,0,0
YaleB_10NN,0.006337,0.005185,0,0
t2d_q9,0.005186,0.005186,1,1
adder_dcop_01,0.009979,0.005189,0,0
nasa2146,0.005497,0.00519,0,0
barth5,0.005619,0.005191,0,0
freeFlyingRobot_5,0.007841,0.005191,0,0
fpga_dcop_10,0.005195,0.005195,1,1
ex25,0.006489,0.005196,0,0
adder_dcop_44,0.010188,0.005199,0,0
G39,0.012119,0.005202,0,0
G40,0.012203,0.005205,0,0
G2,0.006907,0.005206,0,0
cz1268,0.005206,0.005206,1,1
G35,0.012173,0.005207,0,0
G7,0.006745,0.005209,0,0
bcsstk26,0.005211,0.005211,1,1
G1,0.006798,0.005212,0,0
ex10hs,0.00556,0.005217,0,0
stokes64s,0.005354,0.005225,0,0
bcsstm27,0.006611,0.005226,0,0
bp_1400,0.010704,0.005227,0,0
ex12,0.00609,0.005228,0,0
G22,0.005452,0.005233,0,0
mycielskian10,0.015442,0.005239,0,0
bcsstk12,0.005386,0.00524,0,0
ex24,0.005747,0.00524,0,0
bodyy5,0.006058,0.005242,0,0
conf5_0-4x4-14,0.005476,0.005243,0,0
GD00_c,0.00525,0.00525,1,1
jazz,0.007291,0.00525,0,0
cavity07,0.006769,0.005253,0,0
conf5_0-4x4-18,0.005491,0.005253,0,0
bcsstk11,0.005327,0.005255,0,0
fv2,0.005255,0.005255,1,1
USAir97,0.009096,0.005256,0,0
bodyy6,0.005955,0.005256,0,0
conf5_0-4x4-10,0.00546,0.005256,0,0
fpga_dcop_24,0.005257,0.005257,1,1
fpga_dcop_47,0.005261,0.005261,1,1
sts4098,0.015467,0.005263,0,0
mcfe,0.007208,0.005265,0,0
mark3jac020,0.006454,0.005266,0,0
stokes64,0.005517,0.005266,0,0
fpga_dcop_15,0.00527,0.00527,1,1
fpga_dcop_14,0.005273,0.005273,1,1
fe_sphere,0.005807,0.005274,0,0
fpga_dcop_03,0.005274,0.005274,1,1
G60,0.005275,0.005275,1,1
cavity05,0.006809,0.005275,0,0
mhd1280a,0.006847,0.005277,0,0
fpga_dcop_34,0.005278,0.005278,1,1
ex28,0.006911,0.005282,0,0
mhd4800a,0.005285,0.005285,1,1
G26,0.00554,0.005287,0,0
conf6_0-4x4-30,0.005621,0.005293,0,0
fpga_dcop_39,0.005296,0.005296,1,1
crystm01,0.005814,0.005298,0,0
fpga_dcop_44,0.005298,0.005298,1,1
bayer02,0.0053,0.0053,1,1
G3,0.006721,0.005302,0,0
delaunay_n14,0.005719,0.005304,0,0
fpga_dcop_27,0.005306,0.005306,1,1
fpga_dcop_38,0.005306,0.005306,1,1
fpga_dcop_29,0.005307,0.005307,1,1
lock2232,0.005579,0.005308,0,0
lock1074,0.007388,0.005309,0,0
viscoplastic1,0.006267,0.00531,0,0
G25,0.005651,0.005311,0,0
freeFlyingRobot_7,0.008157,0.005311,0,0
msc04515,0.005314,0.005314,1,1
tumorAntiAngiogenesis_3,0.00846,0.005317,0,0
ex22,0.006877,0.005318,0,0
fpga_dcop_30,0.005318,0.005318,1,1
fpga_dcop_51,0.005319,0.005319,1,1
fpga_dcop_19,0.005321,0.005321,1,1
cvxqp3,0.005322,0.005322,1,1
ex6,0.006909,0.005322,0,0
conf5_0-4x4-22,0.005439,0.005324,0,0
fpga_dcop_50,0.005324,0.005324,1,1
aug3dcqp,0.005326,0.005326,1,1
big,0.00558,0.005327,0,0
fpga_dcop_40,0.005327,0.005327,1,1
cnae9_10NN,0.012129,0.005328,0,0
spaceStation_10,0.008678,0.005329,0,0
EX3,0.005475,0.005333,0,0
G9,0.006995,0.005335,0,0
msc01050,0.009516,0.005335,0,0
nasa4704,0.005979,0.005335,0,0
lhr02,0.005337,0.005337,1,1
eris1176,0.008245,0.00534,0,0
tomography,0.017103,0.005341,0,0
ex20,0.007073,0.005345,0,0
sherman2,0.005442,0.005348,0,0
G8,0.006894,0.00535,0,0
G23,0.005359,0.005352,0,0
ex27,0.012426,0.005354,0,0
fpga_dcop_17,0.005355,0.005355,1,1
email,0.006113,0.005364,0,0
G31,0.005533,0.005366,0,0
bcsstk27,0.006635,0.005367,0,0
conf6_0-4x4-20,0.005489,0.00537,0,0
G10,0.006779,0.005376,0,0
fpga_dcop_36,0.005383,0.005383,1,1
coater1,0.006372,0.005385,0,0
meg4,0.013829,0.005386,0,0
G4,0.006899,0.00539,0,0
adder_dcop_05,0.009982,0.00539,0,0
mark3jac020sc,0.006422,0.00539,0,0
t60k,0.00539,0.00539,1,1
G27,0.005394,0.005394,1,1
G6,0.006696,0.005394,0,0
add32,0.005399,0.005399,1,1
ex7,0.006832,0.005399,0,0
kineticBatchReactor_1,0.007693,0.005399,0,0
garon1,0.006138,0.005404,0,0
aft02,0.007205,0.005407,0,0
G5,0.006745,0.005408,0,0
nopoly,0.005433,0.005408,0,0
G29,0.005432,0.005414,0,0
conf5_0-4x4-26,0.005489,0.005417,0,0
freeFlyingRobot_6,0.007802,0.005418,0,0
rdist2,0.006791,0.005418,0,0
mhd3200a,0.00542,0.00542,1,1
bayer10,0.005421,0.005421,1,1
aft01,0.005425,0.005425,1,1
shuttle_eddy,0.005665,0.005428,0,0
ex23,0.007056,0.005431,0,0
G24,0.005438,0.005438,1,1
bodyy4,0.005659,0.005441,0,0
rail_20209,0.006104,0.005441,0,0
ford1,0.005446,0.005446,1,1
goddardRocketProblem_2,0.01496,0.005449,0,0
EX4,0.005725,0.005453,0,0
ex9,0.005943,0.005454,0,0
descriptor_xingo6u,0.005455,0.005455,1,1
dynamicSoaringProblem_1,0.010537,0.005457,0,0
email-Eu-core,0.015076,0.005458,0,0
lhr01,0.005466,0.005466,1,1
hangGlider_3,0.008159,0.005467,0,0
msc01440,0.005779,0.005468,0,0
cegb3024,0.006941,0.005469,0,0
G30,0.005586,0.005471,0,0
ex8,0.00759,0.005473,0,0
ex13,0.005805,0.005476,0,0
cz5108,0.005629,0.005478,0,0
LeGresley_4908,0.005569,0.005479,0,0
reorientation_8,0.007968,0.005479,0,0
rajat13,0.014739,0.005486,0,0
TSOPF_FS_b9_c1,0.015198,0.005488,0,0
watt_2,0.006763,0.005488,0,0
lock3491,0.008826,0.00549,0,0
G61,0.005491,0.005491,1,1
nopss_11k,0.005491,0.005491,1,1
barth,0.005495,0.005495,1,1
bips07_3078,0.005508,0.005508,1,1
g7jac020sc,0.007099,0.005511,0,0
bcsstk14,0.005994,0.005516,0,0
ex37,0.007707,0.005519,0,0
bayer03,0.005526,0.005526,1,1
cavity10,0.006771,0.005529,0,0
mark3jac040sc,0.005929,0.00553,0,0
wang4,0.006636,0.005531,0,0
ACTIVSg10K,0.006334,0.005533,0,0
hangGlider_4,0.008569,0.005535,0,0
Alemdar,0.005601,0.005537,0,0
bips98_1450,0.005537,0.005537,1,1
c-28,0.009724,0.005538,0,0
wang3,0.006653,0.005539,0,0
polblogs,0.011834,0.005547,0,0
ABACUS_shell_hd,0.006311,0.005556,0,0
ex31,0.007304,0.005557,0,0
reorientation_7,0.008156,0.005558,0,0
cavity12,0.006899,0.005567,0,0
circuit_2,0.015583,0.00557,0,0
bcsstk15,0.006155,0.005575,0,0
bips07_1693,0.00559,0.00559,1,1
xingo3012,0.00559,0.00559,1,1
bcsstk24,0.007134,0.005593,0,0
ex14,0.005775,0.005596,0,0
mimo8x8_system,0.005596,0.005596,1,1
copter1,0.005872,0.005598,0,0
g7jac020,0.007194,0.005598,0,0
t2dah,0.005828,0.005601,0,0
ABACUS_shell_ld,0.006346,0.005606,0,0
G28,0.005607,0.005607,1,1
dynamicSoaringProblem_3,0.007938,0.005609,0,0
bcsstk13,0.008296,0.005612,0,0
OPF_3754,0.006924,0.005615,0,0
bayer05,0.007444,0.005615,0,0
fxm3_6,0.009288,0.005615,0,0
mark3jac040,0.006033,0.005617,0,0
bips07_1998,0.005621,0.005621,1,1
t2dah_a,0.005705,0.005622,0,0
piston,0.006613,0.005623,0,0
rdist3a,0.008095,0.005623,0,0
cage10,0.00575,0.005624,0,0
netscience,0.005624,0.005624,1,1
ww_vref_6405,0.005631,0.005631,1,1
ex3,0.007153,0.005632,0,0
zeros_nopss_13k,0.005633,0.005633,1,1
rdist1,0.007428,0.005636,0,0
reorientation_4,0.007974,0.005642,0,0
epb2,0.009218,0.005653,0,0
dendrimer,0.013164,0.005656,0,0
spmsrtls,0.006732,0.005656,0,0
bcsstk28,0.008572,0.005657,0,0
cavity06,0.006565,0.005657,0,0
usps_norm_5NN,0.006149,0.005661,0,0
bcsstk18,0.006546,0.005664,0,0
chem_master1,0.008264,0.005665,0,0
zenios,0.005668,0.005668,1,1
email-Eu-core-temporal,0.015174,0.005669,0,0
dynamicSoaringProblem_6,0.008086,0.005672,0,0
bips98_606,0.005678,0.005678,1,1
minsurfo,0.008345,0.005684,0,0
bips98_1142,0.005691,0.005691,1,1
cz10228,0.00583,0.005695,0,0
Goodwin_017,0.007142,0.005701,0,0
mplate,0.005702,0.005702,1,1
Goodwin_010,0.006864,0.005703,0,0
cavity14,0.006989,0.005703,0,0
ABACUS_shell_md,0.006386,0.005707,0,0
cavity08,0.006625,0.005714,0,0
crystm02,0.005718,0.005718,1,1
bips07_2476,0.005719,0.005719,1,1
JapaneseVowelsSmall_10NN,0.006467,0.005721,0,0
bayer08,0.007416,0.005722,0,0
ABACUS_shell_ud,0.006265,0.005731,0,0
bayer06,0.007388,0.005731,0,0
ex26,0.010434,0.005732,0,0
skirt,0.006274,0.005736,0,0
Chem97ZtZ,0.007899,0.005738,0,0
cavity13,0.007041,0.005739,0,0
delaunay_n15,0.007134,0.00574,0,0
t2dah_e,0.005786,0.005744,0,0
mimo46x46_system,0.005745,0.005745,1,1
raefsky1,0.009059,0.005748,0,0
G58,0.017094,0.005749,0,0
Muu,0.006113,0.005753,0,0
raefsky2,0.00884,0.005755,0,0
Goodwin_013,0.006923,0.005759,0,0
hvdc1,0.012494,0.005759,0,0
xingo_afonso_itaipu,0.005759,0.005759,1,1
G59,0.01709,0.005762,0,0
rajat19,0.010705,0.005765,0,0
reorientation_6,0.008067,0.00577,0,0
bayer07,0.007567,0.005772,0,0
mark3jac060sc,0.00732,0.005773,0,0
MISKnowledgeMap,0.00809,0.005778,0,0
dynamicSoaringProblem_5,0.008035,0.005788,0,0
bp_400,0.011149,0.00579,0,0
cavity11,0.007127,0.00579,0,0
nasa2910,0.01186,0.005792,0,0
utm5940,0.005792,0.005792,1,1
cavity15,0.006928,0.005798,0,0
freeFlyingRobot_12,0.007926,0.0058,0,0
shl_400,0.007921,0.005801,0,0
rajat01,0.015563,0.005803,0,0
cavity16,0.007438,0.00581,0,0
c-22,0.012314,0.005815,0,0
ex35,0.005995,0.005816,0,0
mark3jac060,0.007188,0.005817,0,0
s3rmt3m3,0.00641,0.005823,0,0
mbeacxc,0.017468,0.005827,0,0
mahindas,0.006502,0.005831,0,0
cavity24,0.007352,0.005835,0,0
yeast_30NN,0.00713,0.005839,0,0
dynamicSoaringProblem_7,0.008038,0.00584,0,0
cavity20,0.007366,0.005842,0,0
shl_200,0.007244,0.005848,0,0
c-18,0.010231,0.005853,0,0
Harvard500,0.009018,0.005857,0,0
mbeaflw,0.017404,0.00586,0,0
add20,0.008575,0.005864,0,0
freeFlyingRobot_2,0.007825,0.005864,0,0
meg1,0.010621,0.005866,0,0
ca-GrQc,0.008245,0.005867,0,0
cs4,0.005869,0.005869,1,1
dixmaanl,0.008967,0.005881,0,0
s2rmq4m1,0.007239,0.005889,0,0
kineticBatchReactor_5,0.008736,0.005896,0,0
mimo28x28_system,0.005899,0.005899,1,1
cz20468,0.006755,0.005901,0,0
cavity21,0.007123,0.005906,0,0
lowThrust_3,0.00808,0.005906,0,0
foldoc,0.00973,0.005907,0,0
cavity18,0.007385,0.005912,0,0
powersim,0.005912,0.005912,1,1
cavity17,0.007221,0.005914,0,0
cavity22,0.007451,0.005914,0,0
s3rmt3m1,0.006112,0.005916,0,0
reorientation_5,0.008161,0.005922,0,0
shl_0,0.007796,0.005923,0,0
cavity26,0.007456,0.005931,0,0
g3rmt3m3,0.006448,0.005932,0,0
hangGlider_5,0.008611,0.005936,0,0
mark3jac080,0.00674,0.005936,0,0
cavity23,0.007211,0.005942,0,0
SmaGri,0.011322,0.005946,0,0
indianpines_10NN,0.00721,0.005947,0,0
reorientation_1,0.007336,0.005947,0,0
mbeause,0.017096,0.005955,0,0
reorientation_3,0.00811,0.005958,0,0
s1rmq4m1,0.007378,0.005961,0,0
s3rmq4m1,0.007365,0.005963,0,0
bayer04,0.005965,0.005965,1,1
freeFlyingRobot_4,0.007357,0.005972,0,0
comsol,0.012664,0.005977,0,0
SiH4,0.013888,0.005988,0,0
pds10,0.009288,0.005993,0,0
kineticBatchReactor_7,0.0082,0.005999,0,0
s1rmt3m1,0.006003,0.006003,1,1
raefsky6,0.011749,0.006006,0,0
rajat03,0.006324,0.006006,0,0
cavity19,0.007195,0.006009,0,0
coater2,0.007687,0.006011,0,0
freeFlyingRobot_9,0.00803,0.006016,0,0
airfoil_2d,0.006021,0.006021,1,1
s2rmt3m1,0.006098,0.006021,0,0
cavity25,0.007197,0.006023,0,0
g7jac040sc,0.010324,0.006026,0,0
man_5976,0.006894,0.006029,0,0
windtunnel_evap2d,0.006429,0.006037,0,0
bp_600,0.011004,0.006044,0,0
rajat07,0.007559,0.006045,0,0
t520,0.011087,0.006051,0,0
mark3jac080sc,0.006786,0.006054,0,0
NotreDame_yeast,0.006059,0.006059,1,1
TSOPF_RS_b162_c1,0.007683,0.006061,0,0
tandem_vtx,0.007356,0.006062,0,0
c-19,0.014434,0.006063,0,0
rajat06,0.006873,0.006063,0,0
kineticBatchReactor_3,0.008458,0.006082,0,0
freeFlyingRobot_3,0.007702,0.006083,0,0
bcsstk25,0.007809,0.006084,0,0
tols1090,0.007337,0.006084,0,0
igbt3,0.00609,0.00609,1,1
shermanACa,0.012101,0.00609,0,0
shermanACd,0.018609,0.006098,0,0
raefsky5,0.008181,0.006103,0,0
kineticBatchReactor_9,0.008585,0.006111,0,0
ted_B_unscaled,0.006114,0.006114,1,1
bcsstk16,0.00773,0.006119,0,0
dynamicSoaringProblem_4,0.008177,0.006129,0,0
freeFlyingRobot_11,0.008189,0.006138,0,0
tols340,0.00749,0.006141,0,0
g7jac040,0.010156,0.006142,0,0
luxembourg_osm,0.006143,0.006143,1,1
Zhao2,0.006937,0.006144,0,0
spiral,0.008211,0.006152,0,0
lhr07,0.007018,0.006154,0,0
Goodwin_023,0.007691,0.00616,0,0
lhr07c,0.006751,0.006167,0,0
dynamicSoaringProblem_8,0.008102,0.006169,0,0
optdigits_10NN,0.007263,0.006171,0,0
bp_0,0.010567,0.006176,0,0
reorientation_2,0.007641,0.006176,0,0
ex19,0.006552,0.00618,0,0
bauru5727,0.006182,0.006182,1,1
SiNa,0.015838,0.006183,0,0
Dubcova1,0.006282,0.006185,0,0
jan99jac020sc,0.007735,0.006191,0,0
benzene,0.006359,0.006194,0,0
yeast,0.007201,0.006196,0,0
freeFlyingRobot_10,0.008003,0.006202,0,0
jan99jac020,0.007737,0.00621,0,0
struct4,0.008805,0.006212,0,0
circuit_3,0.013624,0.006216,0,0
rajat08,0.008231,0.006222,0,0
vt2010,0.009005,0.006226,0,0
cegb2802,0.011547,0.006227,0,0
sinc12,0.008142,0.006231,0,0
kineticBatchReactor_8,0.008789,0.006252,0,0
worms20_10NN,0.006768,0.006255,0,0
Zhao1,0.006996,0.006268,0,0
lowThrust_7,0.008581,0.00627,0,0
lowThrust_5,0.008374,0.006272,0,0
dynamicSoaringProblem_2,0.00778,0.006277,0,0
FA,0.006282,0.006282,1,1
mycielskian11,0.01606,0.006292,0,0
CollegeMsg,0.012978,0.006293,0,0
lowThrust_4,0.008218,0.006295,0,0
har_10NN,0.009082,0.006296,0,0
c-27,0.01083,0.006299,0,0
rajat09,0.008978,0.006301,0,0
FEM_3D_thermal1,0.006303,0.006303,1,1
c-37,0.01247,0.006306,0,0
usroads-48,0.00631,0.00631,1,1
c-23,0.010371,0.006318,0,0
c-21,0.009446,0.006326,0,0
p2p-Gnutella08,0.00633,0.00633,1,1
juba40k,0.006331,0.006331,1,1
lowThrust_6,0.008544,0.006331,0,0
coupled,0.011196,0.006332,0,0
lowThrust_13,0.008745,0.006334,0,0
kineticBatchReactor_2,0.008116,0.006336,0,0
lhr04c,0.006534,0.006342,0,0
mario001,0.006343,0.006343,1,1
onetone2,0.006951,0.006347,0,0
mark3jac100,0.007758,0.006349,0,0
finance256,0.008683,0.00635,0,0
mark3jac100sc,0.007764,0.006354,0,0
ted_B,0.006359,0.006359,1,1
vsp_data_and_seymourl,0.01486,0.006364,0,0
CAG_mat1916,0.01784,0.006368,0,0
jan99jac040sc,0.007993,0.00637,0,0
ca-HepTh,0.007984,0.006372,0,0
c-26,0.009863,0.006378,0,0
freeFlyingRobot_8,0.00797,0.006378,0,0
c-44,0.012231,0.00638,0,0
chipcool0,0.007029,0.006382,0,0
usroads,0.006386,0.006386,1,1
bayer01,0.006392,0.006392,1,1
c-24,0.014376,0.006399,0,0
ACTIVSg70K,0.006404,0.006404,1,1
freeFlyingRobot_15,0.007766,0.006412,0,0
jan99jac040,0.008063,0.006419,0,0
lhr04,0.006649,0.006419,0,0
lowThrust_9,0.008571,0.006427,0,0
bratu3d,0.006429,0.006429,1,1
torsion1,0.008317,0.00645,0,0
jnlbrng1,0.008208,0.006468,0,0
inlet,0.006504,0.006504,1,1
rajat10,0.009713,0.006519,0,0
chipcool1,0.007062,0.006521,0,0
freeFlyingRobot_14,0.007845,0.006524,0,0
obstclae,0.008258,0.006533,0,0
nemeth12,0.007551,0.006537,0,0
t3dl,0.006835,0.006545,0,0
c-25,0.012412,0.006551,0,0
de2010,0.00728,0.006555,0,0
p2p-Gnutella05,0.007736,0.006566,0,0
nemeth05,0.007053,0.006582,0,0
lowThrust_12,0.008647,0.00659,0,0
freeFlyingRobot_16,0.008149,0.006591,0,0
nemeth03,0.006973,0.006594,0,0
nemeth06,0.00689,0.006612,0,0
t3dl_a,0.006815,0.00662,0,0
kineticBatchReactor_6,0.008702,0.006629,0,0
jan99jac060,0.007748,0.006644,0,0
jan99jac060sc,0.007904,0.006648,0,0
TSOPF_RS_b39_c19,0.006651,0.006651,1,1
nemeth07,0.006944,0.00666,0,0
g7jac050sc,0.010899,0.006666,0,0
nemeth02,0.006894,0.006668,0,0
nemeth04,0.006912,0.006673,0,0
p2p-Gnutella06,0.009265,0.006675,0,0
c-43,0.018302,0.006677,0,0
k3plates,0.00751,0.006682,0,0
jan99jac080sc,0.008083,0.006694,0,0
ri2010,0.007972,0.006698,0,0
G63,0.017046,0.006705,0,0
c-29,0.014959,0.006705,0,0
nemeth10,0.007319,0.006705,0,0
nemeth08,0.006993,0.006711,0,0
lowThrust_10,0.008538,0.006714,0,0
G64,0.016962,0.006718,0,0
shermanACb,0.018384,0.006719,0,0
cegb2919,0.018108,0.006724,0,0
crystk01,0.008273,0.006726,0,0
nemeth11,0.007051,0.006735,0,0
jan99jac080,0.008017,0.006739,0,0
c-35,0.008814,0.006743,0,0
c-31,0.019267,0.006744,0,0
GT01R,0.008587,0.006749,0,0
hep-th,0.006755,0.006755,1,1
nemeth13,0.007667,0.006755,0,0
kineticBatchReactor_4,0.008604,0.006759,0,0
freeFlyingRobot_13,0.008018,0.006762,0,0
EX6,0.006766,0.006766,1,1
nemeth14,0.00774,0.006779,0,0
tols4000,0.007341,0.006779,0,0
hi2010,0.010264,0.006801,0,0
c-36,0.018699,0.006811,0,0
p2p-Gnutella09,0.007264,0.006814,0,0
bcsstm13,0.006816,0.006816,1,1
c-20,0.011127,0.006822,0,0
garon2,0.00688,0.006835,0,0
EX5,0.006942,0.006841,0,0
lowThrust_8,0.00843,0.006863,0,0
c-52,0.01624,0.006864,0,0
c-34,0.015665,0.006867,0,0
nemeth15,0.007576,0.006867,0,0
p2p-Gnutella04,0.009235,0.006873,0,0
qc2534,0.013545,0.006874,0,0
lhr11c,0.006876,0.006876,1,1
nemeth09,0.007048,0.006883,0,0
c-38,0.011097,0.006891,0,0
c-50,0.018462,0.006906,0,0
c-33,0.017406,0.006907,0,0
ex40,0.008831,0.006914,0,0
Kuu,0.008671,0.00692,0,0
af23560,0.007383,0.006943,0,0
c-41,0.016236,0.006968,0,0
lhr14,0.006971,0.006971,1,1
bloweya,0.008256,0.006979,0,0
c-42,0.017941,0.006993,0,0
Erdos982,0.006994,0.006994,1,1
goodwin,0.009078,0.007004,0,0
wing_nodal,0.007016,0.007016,1,1
geom,0.00902,0.007023,0,0
c-48,0.015306,0.007038,0,0
e40r0100,0.008279,0.007041,0,0
Trefethen_20000,0.007046,0.007046,1,1
vsp_p0291_seymourl_iiasa,0.014639,0.007076,0,0
cbuckle,0.010745,0.007079,0,0
lhr10,0.007079,0.007079,1,1
lhr11,0.007079,0.007079,1,1
nmos3,0.007435,0.00708,0,0
poli,0.007085,0.007085,1,1
c-51,0.017214,0.007089,0,0
rajat27,0.018429,0.00709,0,0
nemeth16,0.008038,0.007098,0,0
mnist_test_norm_10NN,0.007099,0.007099,1,1
jan99jac100sc,0.008394,0.007117,0,0
lhr10c,0.007128,0.007128,1,1
memplus,0.017523,0.00713,0,0
jan99jac100,0.008506,0.007138,0,0
nemeth17,0.008543,0.007138,0,0
Pres_Poisson,0.007146,0.007146,1,1
crystm03,0.00715,0.00715,1,1
dictionary28,0.007161,0.007161,1,1
orani678,0.017281,0.007181,0,0
bcsstk33,0.011466,0.007182,0,0
lhr17,0.007186,0.007186,1,1
lowThrust_11,0.008605,0.007189,0,0
lhr17c,0.007199,0.007199,1,1
g7jac060,0.011914,0.007203,0,0
g7jac060sc,0.011793,0.007209,0,0
iprob,0.007213,0.007213,1,1
tols2000,0.007213,0.007213,1,1
lhr14c,0.007218,0.007218,1,1
heart2,0.020697,0.00722,0,0
Trefethen_20000b,0.007229,0.007229,1,1
bloweybl,0.008057,0.007235,0,0
nemeth18,0.008592,0.00724,0,0
heart3,0.020404,0.007242,0,0
Goodwin_030,0.00765,0.007246,0,0
c-46,0.019478,0.007253,0,0
brainpc2,0.00834,0.007263,0,0
c-39,0.014252,0.007269,0,0
nemeth01,0.008973,0.00728,0,0
jan99jac120,0.009069,0.007308,0,0
Chebyshev2,0.007311,0.007311,1,1
c-40,0.017959,0.007314,0,0
Fashion_MNIST_norm_10NN,0.010489,0.00732,0,0
as-735,0.017985,0.007351,0,0
nemeth19,0.00959,0.007367,0,0
cond-mat,0.00959,0.007383,0,0
g7jac080,0.012046,0.007398,0,0
jan99jac120sc,0.009124,0.007402,0,0
g7jac080sc,0.012098,0.007403,0,0
wathen100,0.007422,0.007422,1,1
c-49,0.015559,0.007431,0,0
kmnist_norm_10NN,0.011598,0.007443,0,0
light_in_tissue,0.007455,0.007455,1,1
c-60,0.015187,0.007459,0,0
cyl6,0.010873,0.007478,0,0
vibrobox,0.010293,0.007489,0,0
Chebyshev3,0.0075,0.0075,1,1
bcsstk17,0.011748,0.007514,0,0
Na5,0.014491,0.007519,0,0
wiki-Vote,0.018236,0.007534,0,0
wing,0.007536,0.007536,1,1
crplat2,0.009186,0.007548,0,0
rgg_n_2_15_s0,0.007548,0.007548,1,1
m133-b3,0.007555,0.007555,1,1
nemeth20,0.011102,0.007579,0,0
mycielskian12,0.018808,0.007583,0,0
psmigr_3,0.019697,0.007586,0,0
shar_te2-b3,0.00759,0.00759,1,1
nh2010,0.011059,0.007593,0,0
pkustk02,0.012043,0.007604,0,0
psmigr_1,0.019654,0.007612,0,0
poisson3Da,0.01094,0.007614,0,0
tube2,0.008197,0.007614,0,0
c-32,0.007617,0.007617,1,1
crystk02,0.008765,0.00762,0,0
tube1,0.008197,0.007622,0,0
p2p-Gnutella30,0.007624,0.007624,1,1
pcrystk02,0.008871,0.007629,0,0
SciMet,0.008211,0.007633,0,0
c-47,0.016054,0.007642,0,0
2D_27628_bjtcai,0.009842,0.007645,0,0
Erdos992,0.007646,0.007646,1,1
vsp_befref_fxm_2_4_air02,0.012017,0.007655,0,0
ak2010,0.019083,0.007657,0,0
psmigr_2,0.019006,0.007668,0,0
ex3sta1,0.020681,0.007705,0,0
gyro_m,0.01063,0.007722,0,0
graham1,0.012853,0.007742,0,0
poli_large,0.017153,0.007743,0,0
Erdos972,0.007764,0.007764,1,1
Ill_Stokes,0.007764,0.007764,1,1
Chevron1,0.007808,0.007774,0,0
bcsstk29,0.008736,0.007777,0,0
pwt,0.008031,0.007795,0,0
wiki-RfA,0.018813,0.007815,0,0
poli3,0.016343,0.00784,0,0
bcsstm36,0.009119,0.00785,0,0
mark3jac120,0.007882,0.007882,1,1
mark3jac120sc,0.007882,0.007882,1,1
rajat26,0.021141,0.007889,0,0
TEM27623,0.007907,0.007898,0,0
shyy161,0.007905,0.007905,1,1
Reuters911,0.019598,0.007914,0,0
bcsstk37,0.010933,0.007925,0,0
p2p-Gnutella25,0.007926,0.007926,1,1
viscorocks,0.011276,0.007936,0,0
olafu,0.01015,0.007939,0,0
ca-HepPh,0.020398,0.007946,0,0
wathen120,0.008443,0.007959,0,0
bcsstk38,0.014375,0.00798,0,0
cz40948,0.008691,0.007994,0,0
bcsstk36,0.013409,0.008002,0,0
astro-ph,0.018044,0.008003,0,0
Goodwin_040,0.008329,0.008005,0,0
PGPgiantcompo,0.012975,0.008008,0,0
bloweybq,0.008029,0.008029,1,1
case9,0.00806,0.00806,1,1
pkustk01,0.011727,0.008077,0,0
xenon1,0.011051,0.008134,0,0
ex11,0.009832,0.008143,0,0
sinc15,0.009225,0.008155,0,0
TSOPF_FS_b9_c6,0.008191,0.008191,1,1
vsp_sctap1-2b_and_seymourl,0.019898,0.008197,0,0
nemeth21,0.011874,0.0082,0,0
Wordnet3,0.008218,0.008218,1,1
TSOPF_RS_b162_c3,0.00822,0.00822,1,1
Si5H12,0.013485,0.008223,0,0
gyro_k,0.020119,0.008238,0,0
kim1,0.010042,0.008254,0,0
p2p-Gnutella24,0.008265,0.008265,1,1
gyro,0.020209,0.00828,0,0
raefsky4,0.013022,0.008293,0,0
heart1,0.024172,0.008294,0,0
lhr34c,0.008305,0.008305,1,1
lhr34,0.008329,0.008329,1,1
fp,0.015544,0.008331,0,0
sinc18,0.010028,0.008339,0,0
msc23052,0.013513,0.008403,0,0
California,0.008813,0.008409,0,0
Si10H16,0.020003,0.008426,0,0
raefsky3,0.009689,0.008443,0,0
mult_dcop_03,0.018699,0.008455,0,0
TSOPF_RS_b39_c30,0.008461,0.008461,1,1
soc-sign-bitcoin-otc,0.018177,0.008462,0,0
rim,0.010833,0.008479,0,0
nemeth22,0.012899,0.008481,0,0
bcsstk35,0.017044,0.008483,0,0
windscreen,0.00994,0.008486,0,0
pli,0.011825,0.008488,0,0
li,0.011872,0.008502,0,0
dawson5,0.010454,0.008507,0,0
TSC_OPF_300,0.016871,0.008553,0,0
TSOPF_RS_b162_c4,0.008569,0.008569,1,1
msc10848,0.020758,0.008587,0,0
pkustk09,0.011232,0.00859,0,0
cage11,0.008682,0.008639,0,0
mult_dcop_02,0.01868,0.008639,0,0
rajat22,0.020148,0.008643,0,0
Chevron2,0.012241,0.008645,0,0
mult_dcop_01,0.018637,0.008648,0,0
nemeth24,0.014429,0.008658,0,0
nemeth26,0.014528,0.008675,0,0
mark3jac140,0.008689,0.008689,1,1
nemeth23,0.014494,0.008701,0,0
mark3jac140sc,0.008708,0.008708,1,1
bcsstk31,0.016267,0.008724,0,0
ca-CondMat,0.019196,0.008725,0,0
bundle1,0.018307,0.008767,0,0
nemeth25,0.014396,0.00877,0,0
qa8fm,0.012468,0.008796,0,0
2D_54019_highK,0.01871,0.008801,0,0
qa8fk,0.012528,0.008801,0,0
gridgena,0.009005,0.008805,0,0
stokes128,0.008936,0.008834,0,0
mycielskian13,0.021363,0.008848,0,0
bcircuit,0.008852,0.008852,1,1
rgg_n_2_16_s0,0.010965,0.008864,0,0
Dubcova2,0.011079,0.008878,0,0
fe_body,0.00889,0.00889,1,1
denormal,0.012332,0.008935,0,0
as-22july06,0.018768,0.008937,0,0
brack2,0.011362,0.008937,0,0
copter2,0.011018,0.008959,0,0
struct3,0.01072,0.008959,0,0
p2p-Gnutella31,0.009341,0.008969,0,0
fxm4_6,0.020257,0.008973,0,0
Goodwin_054,0.009941,0.008976,0,0
soc-sign-bitcoin-alpha,0.01686,0.008996,0,0
apache1,0.011533,0.009012,0,0
wb-cs-stanford,0.016947,0.009014,0,0
crystk03,0.010779,0.009017,0,0
EAT_SR,0.009032,0.009032,1,1
Lederberg,0.017656,0.009037,0,0
pf2177,0.016366,0.009056,0,0
Erdos02,0.009094,0.009068,0,0
a5esindl,0.009068,0.009068,1,1
pcrystk03,0.0108,0.009076,0,0
waveguide3D,0.009076,0.009076,1,1
as-caida,0.020738,0.009084,0,0
sme3Da,0.019022,0.009112,0,0
OPF_10000,0.009117,0.009117,1,1
vsp_barth5_1Ksep_50in_5Kout,0.009172,0.00913,0,0
3D_28984_Tetra,0.010715,0.009167,0,0
venkat50,0.012985,0.009195,0,0
poli4,0.018849,0.009198,0,0
cond-mat-2003,0.01514,0.009241,0,0
ncvxbqp1,0.009289,0.009252,0,0
cvxbqp1,0.009265,0.009265,1,1
venkat01,0.013057,0.009265,0,0
venkat25,0.013024,0.009297,0,0
delaunay_n16,0.010219,0.009329,0,0
lung2,0.009367,0.009367,1,1
onetone1,0.00939,0.00939,1,1
lpl1,0.016345,0.009418,0,0
ncvxqp3,0.009429,0.009429,1,1
ncvxqp5,0.009429,0.009429,1,1
Baumann,0.013226,0.009453,0,0
OPF_6000,0.009454,0.009454,1,1
gas_sensor,0.012953,0.009463,0,0
pfinan512,0.012421,0.009465,0,0
epb3,0.012586,0.009467,0,0
finan512,0.012408,0.009475,0,0
trdheim,0.013926,0.009476,0,0
ecl32,0.009491,0.009491,1,1
bbmat,0.01411,0.009502,0,0
rail_79841,0.011738,0.009512,0,0
thermal1,0.01255,0.009512,0,0
bcsstk39,0.01289,0.009564,0,0
torso2,0.013678,0.009593,0,0
opt1,0.017977,0.009604,0,0
bcsstk32,0.017232,0.009618,0,0
helm3d01,0.01001,0.009667,0,0
ncvxqp7,0.009714,0.009714,1,1
cfd1,0.014313,0.009762,0,0
g7jac140,0.012985,0.009774,0,0
g7jac140sc,0.012992,0.009797,0,0
viscoplastic2,0.009948,0.009842,0,0
k1_san,0.009846,0.009846,1,1
ch7-8-b5,0.016459,0.009887,0,0
delaunay_n17,0.014708,0.009992,0,0
cont-201,0.011839,0.010002,0,0
fe_tooth,0.013338,0.010018,0,0
SiO,0.016359,0.010039,0,0
rgg_n_2_17_s0,0.016259,0.010147,0,0
vfem,0.014868,0.010201,0,0
3D_51448_3D,0.013496,0.01021,0,0
ibm_matrix_2,0.013383,0.010213,0,0
RFdevice,0.018726,0.010221,0,0
majorbasis,0.016293,0.010238,0,0
crashbasis,0.016309,0.01027,0,0
onera_dual,0.011812,0.010293,0,0
conf5_4-8x8-20,0.013019,0.010297,0,0
conf5_4-8x8-05,0.013,0.0103,0,0
conf6_0-8x8-20,0.01308,0.0103,0,0
conf5_4-8x8-10,0.012986,0.010305,0,0
conf6_0-8x8-80,0.012982,0.010315,0,0
tandem_dual,0.012249,0.010319,0,0
conf5_4-8x8-15,0.012967,0.010327,0,0
conf6_0-8x8-30,0.012976,0.010338,0,0
g7jac160sc,0.013461,0.01035,0,0
g7jac100,0.012606,0.010354,0,0
Zewail,0.014037,0.010396,0,0
g7jac100sc,0.012555,0.010457,0,0
ford2,0.01273,0.01047,0,0
g7jac120sc,0.012658,0.010478,0,0
g7jac160,0.013321,0.010486,0,0
g7jac120,0.012601,0.010516,0,0
g7jac180,0.013944,0.010518,0,0
bcsstk30,0.017707,0.010519,0,0
sd2010,0.010552,0.010552,1,1
ct2010,0.010556,0.010556,1,1
Goodwin_071,0.012693,0.010562,0,0
pkustk05,0.013398,0.010564,0,0
g7jac180sc,0.013936,0.010587,0,0
sx-mathoverflow,0.020047,0.010605,0,0
LeGresley_87936,0.011998,0.010659,0,0
blockqp1,0.010729,0.010729,1,1
ASIC_100ks,0.024815,0.01074,0,0
TSOPF_FS_b162_c1,0.012754,0.010781,0,0
mosfet2,0.015552,0.010784,0,0
a2nnsnsl,0.010816,0.010816,1,1
c-45,0.010832,0.010832,1,1
lhr71c,0.010847,0.010847,1,1
a0nsdsil,0.010854,0.010854,1,1
water_tank,0.01403,0.010886,0,0
smallworld,0.014403,0.010908,0,0
lhr71,0.010927,0.010927,1,1
invextr1_new,0.017034,0.010986,0,0
EPA,0.01241,0.011012,0,0
nasasrb,0.01974,0.011012,0,0
fe_ocean,0.016233,0.011091,0,0
g7jac200,0.013806,0.011207,0,0
ted_A,0.011228,0.011228,1,1
ca-AstroPh,0.0209,0.011276,0,0
g7jac200sc,0.013811,0.011297,0,0
vanbody,0.018718,0.011299,0,0
ted_A_unscaled,0.011302,0.011302,1,1
rma10,0.014819,0.011316,0,0
net25,0.011536,0.011345,0,0
me2010,0.011962,0.011393,0,0
net50,0.012112,0.011415,0,0
Lin,0.027882,0.011476,0,0
matrix_9,0.019661,0.011477,0,0
srb1,0.021259,0.011482,0,0
mixtank_new,0.014522,0.011493,0,0
olesnik0,0.011536,0.011536,1,1
TSOPF_FS_b39_c7,0.012845,0.011556,0,0
pkustk07,0.024031,0.011596,0,0
tsyl201,0.014387,0.011633,0,0
wy2010,0.012579,0.011633,0,0
cont-300,0.01945,0.011641,0,0
pkustk06,0.014744,0.011761,0,0
2cubes_sphere,0.016304,0.011836,0,0
mac_econ_fwd500,0.016405,0.011887,0,0
ct20stif,0.019182,0.011931,0,0
nd2010,0.012177,0.011956,0,0
pct20stif,0.019249,0.011958,0,0
hvdc2,0.017334,0.012014,0,0
internet,0.012036,0.012036,1,1
case39,0.012046,0.012046,1,1
G2_circuit,0.01385,0.01207,0,0
ky2010,0.016052,0.012124,0,0
rajat15,0.020232,0.012149,0,0
delaunay_n18,0.028959,0.012159,0,0
fem_filter,0.019601,0.012173,0,0
TSOPF_RS_b300_c1,0.015161,0.012222,0,0
wv2010,0.01313,0.012228,0,0
twotone,0.025451,0.012268,0,0
imagesensor,0.015264,0.012375,0,0
nv2010,0.012785,0.012411,0,0
pkustk03,0.018929,0.012423,0,0
ut2010,0.017122,0.012431,0,0
ramage02,0.027552,0.012447,0,0
hcircuit,0.019176,0.0125,0,0
mt2010,0.016248,0.012535,0,0
TSC_OPF_1047,0.023167,0.012557,0,0
net75,0.012577,0.012577,1,1
scircuit,0.025175,0.012578,0,0
k49_norm_10NN,0.020387,0.012605,0,0
NotreDame_www,0.012611,0.012611,1,1
c-30,0.012736,0.012736,1,1
ss1,0.013149,0.012742,0,0
ms2010,0.014532,0.012758,0,0
rajat12,0.012993,0.012778,1,0
CurlCurl_1,0.023564,0.012786,0,0
wave,0.018843,0.012799,0,0
d_pretok,0.018789,0.012829,0,0
cfd2,0.01894,0.012862,0,0
turon_m,0.019346,0.012887,0,0
mc2depi,0.01295,0.01295,1,1
EAT_RS,0.019578,0.012999,0,0
enron,0.020553,0.013,0,0
cage12,0.016998,0.01305,0,0
Kohonen,0.014945,0.013132,0,0
id2010,0.017504,0.013133,0,0
cond-mat-2005,0.021323,0.013165,0,0
ne2010,0.015104,0.013174,0,0
ar2010,0.01449,0.013185,0,0
transient,0.027683,0.013265,0,0
ia2010,0.015746,0.013269,0,0
TSOPF_FS_b162_c3,0.015554,0.013273,0,0
c-63,0.019439,0.013338,0,0
gupta1,0.026569,0.013404,0,0
FEM_3D_thermal2,0.022776,0.01343,0,0
TSOPF_FS_b39_c19,0.019967,0.01352,0,0
nj2010,0.015701,0.013525,0,0
H2O,0.017685,0.013539,0,0
matrix-new_3,0.032025,0.01355,0,0
vsp_bump2_e18_aa01_model1_crew1,0.024276,0.013551,0,0
sc2010,0.016459,0.013569,0,0
ckt11752_tr_0,0.018341,0.013587,0,0
rajat20,0.02335,0.01361,0,0
md2010,0.013764,0.013683,0,0
3dtube,0.020769,0.013688,0,0
ted_AB_unscaled,0.013711,0.013711,1,1
ted_AB,0.013796,0.013796,1,1
HTC_336_4438,0.013819,0.013819,1,1
ckt11752_dc_1,0.018215,0.013839,0,0
ASIC_100k,0.029043,0.013846,0,0
appu,0.020119,0.01387,0,0
c-61,0.015539,0.013877,0,0
rajat16,0.022441,0.01388,0,0
rajat17,0.022472,0.013893,0,0
nd3k,0.040404,0.013911,0,0
c-56,0.020019,0.013918,0,0
nm2010,0.021619,0.013943,0,0
HTC_336_9129,0.013972,0.013972,1,1
ASIC_320ks,0.036001,0.013991,0,0
Goodwin_095,0.020369,0.013998,0,0
ma2010,0.016388,0.014005,0,0
c-68,0.019872,0.014006,0,0
boyd1,0.016762,0.014011,0,0
c-55,0.019424,0.014033,0,0
circuit_4,0.018254,0.014113,0,0
c-54,0.019692,0.014197,0,0
windtunnel_evap3d,0.015734,0.014247,0,0
rajat28,0.023752,0.014261,0,0
rajat25,0.023841,0.014277,0,0
Andrews,0.014292,0.014292,1,1
la2010,0.025617,0.014419,0,0
ks2010,0.01684,0.014422,0,0
nv1,0.021316,0.014434,0,0
s4dkt3m2,0.02508,0.014443,0,0
c-65,0.019236,0.014458,0,0
s3dkt3m2,0.025135,0.014508,0,0
pkustk08,0.031275,0.014556,0,0
c-53,0.021033,0.014595,1,0.210819906
fe_rotor,0.018502,0.014597,0,0
co2010,0.019657,0.014603,0,0
wa2010,0.021084,0.014605,0,0
mn2010,0.02274,0.014779,0,0
stomach,0.034277,0.014797,0,0
Oregon-1,0.018204,0.014845,0.434269032,0.083491901
c-69,0.019768,0.014865,0,0
ns3Da,0.022415,0.014891,0,0
vsp_finan512_scagr7-2c_rlfddd,0.031257,0.014977,0,0
or2010,0.020917,0.014998,0,0
TSOPF_RS_b300_c2,0.016525,0.015003,0,0
power9,0.021291,0.015022,0,0
std1_Jac3_db,0.015078,0.015078,1,1
c-71,0.021353,0.015112,0,0
in2010,0.018843,0.015147,0,0
ok2010,0.018615,0.015168,0,0
std1_Jac2_db,0.015212,0.015212,1,1
wi2010,0.018077,0.015247,0,0
tn2010,0.018499,0.015249,0,0
sparsine,0.015267,0.015267,1,1
oilpan,0.023183,0.015289,0,0
c-67b,0.020651,0.015292,0,0
rajat23,0.021362,0.015326,0,0
c-62,0.020362,0.01534,0,0
c-72,0.017839,0.01535,0,0
xenon2,0.028658,0.015364,0,0
rajat18,0.022622,0.015368,0,0
c-62ghs,0.020398,0.015383,0,0
c-67,0.020446,0.015403,0,0
ga2010,0.020303,0.015412,0,0
smt,0.026291,0.015454,0,0
c-70,0.019109,0.015508,0,0
exdata_1,0.015552,0.015552,1,1
EVA,0.015572,0.015572,1,1
c-58,0.017815,0.015597,0,0
c-66,0.020455,0.015618,0,0
c-66b,0.020105,0.015634,0,0
vsp_south31_slptsk,0.023022,0.015641,0,0
ifiss_mat,0.024768,0.015661,0,0
Raj1,0.030266,0.015736,0,0
vsp_vibrobox_scagr7-2c_rlfddd,0.022856,0.015742,0,0
vsp_model1_crew1_cr42_south31,0.022619,0.015743,0,0
c-59,0.01818,0.015765,0,0
thermomech_TK,0.015767,0.015767,1,1
thermomech_TC,0.015787,0.015787,1,1
Zd_Jac6_db,0.015797,0.015797,1,1
Zd_Jac2_db,0.015806,0.015806,1,1
rgg_n_2_18_s0,0.035884,0.015929,0,0
trans5,0.023393,0.015947,0,0
dc2,0.023534,0.01597,0,0
net100,0.015993,0.015993,1,1
ins2,0.048681,0.016001,0,0
G_n_pin_pout,0.01612,0.016008,0,0
helm2d03,0.045205,0.016015,0,0
trans4,0.02353,0.016044,0,0
dc3,0.023376,0.016064,0,0
al2010,0.01932,0.016067,0,0
dc1,0.02314,0.016077,0,0
Zd_Jac3_db,0.016093,0.016093,1,1
av41092,0.025908,0.016116,0,0
Chevron3,0.04583,0.016126,0,0
cant,0.021689,0.016195,0,0
nc2010,0.020807,0.016205,0,0
mi2010,0.023119,0.01624,0,0
TSOPF_FS_b162_c4,0.018446,0.016244,0,0
thermomech_dM,0.023205,0.016368,0,0
va2010,0.020289,0.016391,0,0
email-Enron,0.021472,0.016415,0,0
vsp_c-60_data_cti_cs4,0.016512,0.016512,1,1
vsp_c-30_data_data,0.016901,0.016901,1,1
filter3D,0.023405,0.016964,0,0
net4-1,0.020334,0.016976,0,0
pkustk10,0.032948,0.017029,0,0
mo2010,0.024024,0.017035,0,0
GaAsH6,0.024969,0.017083,0,0
std1_Jac3,0.025538,0.017109,0,0
c-73,0.018653,0.017131,0,0
c-73b,0.018912,0.017143,0,0
rajat21,0.041233,0.017284,0,0
c-64b,0.022064,0.017339,0,0
sme3Db,0.025368,0.017421,0,0
HEP-th,0.019784,0.01745,0,0
c-64,0.02216,0.017475,0,0
rajat24,0.041123,0.017487,0,0
delaunay_n19,0.055816,0.017509,0,0
cit-HepPh,0.021209,0.017563,0,0
pkustk04,0.035593,0.017651,0,0
boyd2,0.017727,0.017727,1,1
net125,0.018989,0.017776,0,0
std1_Jac2,0.025019,0.017872,0,0
Dubcova3,0.022069,0.017879,0,0
patents_main,0.017888,0.017888,1,1
Linux_call_graph,0.03044,0.017918,0,0
oh2010,0.026911,0.018099,0,0
pdb1HYS,0.026355,0.018243,0,0
ASIC_320k,0.041767,0.018287,0,0
ny2010,0.026588,0.018331,0,0
amazon0302,0.030846,0.018422,0,0
Zd_Jac2,0.026632,0.018565,0,0
Zd_Jac3,0.027407,0.018668,0,0
thermomech_dK,0.026267,0.018686,0,0
mario002,0.030666,0.01869,0,0
darcy003,0.030637,0.018784,0,0
lp1,0.018792,0.018792,1,1
ASIC_680ks,0.034219,0.018803,0,0
thread,0.035419,0.018859,0,0
t3dh,0.030359,0.018926,0,0
TSOPF_RS_b678_c1,0.02616,0.018964,0,0
t3dh_a,0.030227,0.019027,0,0
HEP-th-new,0.020048,0.019029,0,0
t3dh_e,0.03023,0.019039,0,0
cit-HepTh,0.020018,0.019099,0,0
TSOPF_RS_b300_c3,0.024065,0.019194,0,0
vsp_msc10848_300sep_100in_1Kout,0.023926,0.019203,0,0
az2010,0.025308,0.01935,0,0
Zd_Jac6,0.026658,0.019401,0,0
s3dkq4m2,0.035854,0.019419,0,0
soc-Slashdot0811,0.023234,0.01957,0,0
loc-Brightkite,0.021983,0.019609,0,0
language,0.027486,0.019615,0,0
ship_001,0.042705,0.019687,0,0
net150,0.028115,0.019795,0,0
c-57,0.019914,0.019914,1,1
Oregon-2,0.020015,0.020015,1,1
iChem_Jacobian,0.035318,0.020202,0,0
pa2010,0.032688,0.020514,0,0
preferentialAttachment,0.038621,0.020546,0,0
c-big,0.040972,0.020563,0,0
barrier2-4,0.034974,0.020685,0,0
barrier2-2,0.035062,0.020715,0,0
barrier2-1,0.035094,0.020721,0,0
barrier2-3,0.035209,0.020731,0,0
email-EuAll,0.020832,0.020832,1,1
barrier2-9,0.035238,0.020983,0,0
barrier2-11,0.035494,0.020994,0,0
barrier2-12,0.035266,0.021007,0,0
barrier2-10,0.035368,0.021102,0,0
TSOPF_FS_b39_c30,0.02111,0.02111,1,1
598a,0.02114,0.02114,1,1
engine,0.039552,0.021251,0,0
vsp_mod2_pgp2_slptsk,0.024848,0.021476,0,0
cop20k_A,0.021578,0.021578,1,1
gupta2,0.055023,0.022036,0,0
soc-Epinions1,0.022369,0.022369,1,1
TSOPF_FS_b300,0.051362,0.022451,0,0
TSOPF_FS_b300_c1,0.05141,0.02249,0,0
torso3,0.044763,0.022848,0,0
soc-sign-Slashdot081106,0.023076,0.023076,1,1
sx-askubuntu,0.023086,0.023086,1,1
soc-Slashdot0902,0.023504,0.023119,0,0
soc-sign-Slashdot090216,0.023203,0.023203,1,1
il2010,0.03498,0.023237,0,0
soc-sign-Slashdot090221,0.023448,0.023448,1,1
soc-sign-epinions,0.023761,0.023761,1,1
parabolic_fem,0.053151,0.023954,0,0
laminar_duct3D,0.024959,0.024959,1,1
pkustk11,0.036137,0.025278,0.459248892,0.333708611
sme3Dc,0.028517,0.025524,0,0
144,0.025529,0.025529,1,1
coAuthorsCiteseer,0.036263,0.025619,0,0
fl2010,0.038504,0.025731,0,0
mycielskian14,0.039801,0.025909,1,0.21083127
sx-superuser,0.026338,0.026338,1,1
nxp1,0.053572,0.026462,0,0
analytics,0.037341,0.026503,0,0
power197k,0.053906,0.026609,0,0
offshore,0.045336,0.026684,0,0
F2,0.056202,0.027566,0,0
Si34H36,0.065003,0.027588,0,0
roadNet-PA,0.027704,0.027704,1,1
webbase-1M,0.040268,0.027837,0,0
debr,0.027872,0.027872,1,1
coAuthorsDBLP,0.039185,0.027899,0,0
consph,0.039918,0.028097,0.683686366,0.341945285
poisson3Db,0.029255,0.029255,1,1
dblp-2010,0.031597,0.029745,0,0
mono_500Hz,0.04606,0.029803,0,0
loc-Gowalla,0.039604,0.030294,0,0
Goodwin_127,0.041045,0.030466,0.796542987,0.18343479
ASIC_680k,0.048295,0.030786,0,0
belgium_osm,0.030846,0.030846,1,1
para-4,0.04855,0.031038,0,0
vsp_bcsstk30_500sep_10in_1Kout,0.031497,0.031497,1,1
para-7,0.048932,0.032015,0,0
para-9,0.049018,0.03202,0,0
para-6,0.049003,0.032031,0,0
para-8,0.048918,0.032042,0,0
para-5,0.049059,0.032102,0,0
para-10,0.048958,0.032106,0,0
amazon0601,0.054659,0.03257,0,0
amazon0312,0.053206,0.032633,0,0
amazon0505,0.054433,0.032772,0,0
web-Stanford,0.044059,0.033369,0,0
boneS01,0.044789,0.033947,0.997867025,0.363489812
shipsec8,0.042614,0.034042,0.436757818,0.305169502
caidaRouterLevel,0.038789,0.034118,0,0
roadNet-TX,0.03434,0.03434,1,1
web-NotreDame,0.03439,0.03439,1,1
Ga3As3H12,0.042529,0.034461,0.683286742,0.344315027
largebasis,0.047258,0.035048,0,0
TEM152078,0.042308,0.035177,0.459248892,0.333708611
com-Amazon,0.047476,0.035227,0,0
m14b,0.039138,0.035283,0,0
apache2,0.071795,0.035379,0,0
cnr-2000,0.045239,0.035828,0,0
pkustk13,0.057548,0.035865,0.459248892,0.333708611
Ga10As10H30,0.050602,0.036844,0,0
com-DBLP,0.042158,0.037205,0,0
ca2010,0.057355,0.037492,0,0
nd6k,0.070801,0.037567,0,0
bmw7st_1,0.055952,0.037592,0.459248892,0.333708611
Chebyshev4,0.045073,0.03791,1,0
kron_g500-logn16,0.050233,0.038676,1,0
tmt_sym,0.076721,0.038676,0,0
marine1,0.047617,0.039535,0,0
tmt_unsym,0.091419,0.040877,0,0
TSOPF_RS_b2052_c1,0.046601,0.04106,0,0
amazon-2008,0.064677,0.041134,0,0
citationCiteseer,0.05433,0.04147,0,0
Stanford,0.046942,0.041938,0,0
shipsec1,0.051358,0.04205,0.459248892,0.333708611
rgg_n_2_19_s0,0.061814,0.042228,0,0
pkustk12,0.058052,0.042595,0,0
t2em,0.090438,0.043001,0,0
Chevron4,0.072586,0.043017,0,0
ecology1,0.099365,0.043706,0,0
ecology2,0.099266,0.043766,0,0
ship_003,0.048212,0.043769,0.789684626,0.302376359
PR02R,0.049666,0.044613,0,0
TEM181302,0.048632,0.044973,0,0
rajat29,0.071301,0.045136,0,0
CO,0.060094,0.045168,0,0
pre2,0.073061,0.045488,0,0
cage13,0.062282,0.045865,0,0
Ge87H76,0.068513,0.046538,0,0
delaunay_n20,0.100782,0.047043,0,0
gearbox,0.054799,0.047208,0,0
tx2010,0.066977,0.04768,0,0
TSOPF_RS_b678_c2,0.050111,0.047837,0,0
Ge99H100,0.071318,0.048243,0,0
netherlands_osm,0.048663,0.048663,1,1
m_t1,0.056829,0.049603,0,0
Ga19As19H42,0.068194,0.050098,0,0
roadNet-CA,0.050364,0.050364,1,1
wiki-talk-temporal,0.051396,0.051396,1,1
x104,0.059898,0.051563,0,0
shipsec5,0.059971,0.05173,0,0
CurlCurl_2,0.080223,0.053981,0,0
torso1,0.054301,0.054301,1,1
TSOPF_FS_b300_c2,0.07416,0.054649,0,0
gupta3,0.073743,0.054678,1,0.58865547
pattern1,0.060487,0.055463,0.779691,0.596850158
fcondp2,0.067798,0.05585,0,0
bmwcra_1,0.063283,0.055967,0,0
pwtk,0.069396,0.056899,0,0
crankseg_1,0.079219,0.057035,0,0
hood,0.064248,0.057593,0,0
Hamrle3,0.092917,0.058284,0,0
Si87H76,0.075049,0.058594,0,0
bmw3_2,0.069918,0.058692,0,0
ohne2,0.070543,0.058905,0,0
troll,0.073942,0.059115,0,0
fullb,0.069087,0.059197,0,0
rajat30,0.118298,0.059719,0,0
kim2,0.081343,0.06014,0,0
atmosmodj,0.118868,0.060386,0,0
atmosmodd,0.118668,0.060443,0,0
halfb,0.07207,0.060777,0,0
mip1,0.070606,0.060852,1,0.5517636
web-BerkStan,0.065866,0.060864,0,0
thermal2,0.131261,0.061913,0,0
SiO2,0.073118,0.062417,0,0
BenElechi1,0.076758,0.062712,0,0
mycielskian15,0.083789,0.063965,1,0.565376303
G3_circuit,0.12702,0.064439,0,0
radiation,0.065289,0.065289,1,1
NACA0015,0.123781,0.066334,0,0
atmosmodl,0.1375,0.068054,0,0
atmosmodm,0.137349,0.068083,0,0
TSOPF_FS_b300_c3,0.097996,0.069767,0,0
nd12k,0.120606,0.070992,0,0
wiki-Talk,0.072096,0.072096,1,1
crankseg_2,0.109335,0.072461,0,0
3Dspectralwave2,0.084089,0.073418,0,0
pkustk14,0.081981,0.073991,0,0
web-Google,0.074808,0.074808,1,1
kron_g500-logn17,0.085286,0.07573,0.796542987,0.18343479
auto,0.079514,0.076459,0,0
Si41Ge41H72,0.107052,0.076689,0,0
CurlCurl_3,0.117997,0.077053,0,0
Stanford_Berkeley,0.077179,0.077179,1,1
com-Youtube,0.078243,0.078243,1,1
rgg_n_2_20_s0,0.121589,0.078909,0,0
test1,0.095574,0.082794,0,0
TSOPF_RS_b2383_c1,0.084042,0.084042,1,1
TSOPF_RS_b2383,0.084321,0.084321,1,1
af_3_k101,1000000,0.08601,0,0
af_4_k101,1000000,0.086028,0,0
af_0_k101,1000000,0.086043,0,0
af_2_k101,1000000,0.08608,0,0
af_5_k101,1000000,0.086088,0,0
af_1_k101,1000000,0.086101,0,0
delaunay_n21,0.197266,0.086466,0,0
af_shell2,1000000,0.086532,0,0
af_shell1,1000000,0.086566,0,0
af_shell8,1000000,0.086567,0,0
af_shell4,1000000,0.086572,0,0
af_shell7,1000000,0.086598,0,0
af_shell3,1000000,0.086604,0,0
af_shell6,1000000,0.086635,0,0
af_shell9,1000000,0.086639,0,0
af_shell5,1000000,0.08667,0,0
Hardesty1,0.095367,0.087216,0,0
human_gene2,0.110544,0.091014,1,0.724306359
Ga41As41H72,0.136928,0.091877,0,0
msdoor,1000000,0.096579,0,0
flickr,0.097792,0.097792,1,1
venturiLevel3,0.099954,0.099954,1,1
CoupCons3D,0.102876,0.102876,0,0
memchip,0.174214,0.103826,0,0
fem_hifreq_circuit,0.115155,0.109466,0,0
in-2004,0.156385,0.116662,0,0
kkt_power,0.150684,0.119343,0,0
hugetrace-00000,0.120881,0.120881,1,1
Transport,1000000,0.120982,0,0
higgs-twitter,0.123508,0.123508,1,1
dielFilterV2clx,0.151633,0.124572,0,0
F1,0.157564,0.124915,0,0
ML_Laplace,0.125998,0.125998,0,0
Fault_639,0.158385,0.129394,0,0
nd24k,0.243176,0.130181,0,0
italy_osm,0.132261,0.132261,1,1
circuit5M_dc,0.226468,0.132293,0,0
human_gene1,1000000,0.132486,0.779691,0.596850158
Freescale1,1000000,0.13283,0,0
StocF-1465,0.153217,0.133697,0,0
bundle_adj,1000000,0.133856,0.779691,0.596850158
nlpkkt80,0.163793,0.134323,0,0
cage14,0.196558,0.136592,0,0
gsm_106857,0.140455,0.138761,0,0
CurlCurl_4,1000000,0.139809,0,0
kron_g500-logn18,0.153195,0.140473,1,0.115292332
eu-2005,0.144972,0.144972,1,1
dielFilterV3clx,0.191123,0.151559,0,0
Freescale2,0.271528,0.153763,0,0
hugetric-00000,0.154698,0.154698,1,1
coPapersDBLP,0.202656,0.156137,0,0
3Dspectralwave,0.192599,0.157312,0,0
rgg_n_2_21_s0,0.249311,0.158479,0,0
FullChip,0.326973,0.159517,0,0
coPapersCiteseer,0.200364,0.160825,0,0
rajat31,0.33329,0.160995,0,0
mouse_gene,1000000,0.162373,0.960393322,0.201660596
delaunay_n22,0.387945,0.163994,0,0
as-Skitter,0.232285,0.16441,0,0
inline_1,1000000,0.165533,0,0
great-britain_osm,0.165578,0.165578,1,1
RM07R,0.16939,0.16939,0,0
vas_stokes_1M,1000000,0.16949,0,0
packing-500x100x100-b050,1000000,0.170126,0,0
adaptive,0.173135,0.173135,1,1
333SP,0.398448,0.179269,0,0
Emilia_923,1000000,0.180923,0,0
ss,0.203338,0.181854,0,0
PFlow_742,0.2042,0.183075,0,0
mycielskian16,0.207299,0.186208,1,0.565376403
M6,0.39763,0.193381,0,0
hugetric-00010,0.193788,0.193788,1,1
wikipedia-20051105,0.197376,0.197376,1,1
ldoor,0.206985,0.206985,0,0
AS365,0.428567,0.209049,0,0
hugetric-00020,0.210439,0.210439,1,1
patents,0.232416,0.211954,0,0
dielFilterV2real,0.276446,0.226428,0,0
NLR,0.471535,0.226773,0,0
wiki-topcats,1000000,0.231361,0,0
cit-Patents,0.252588,0.23311,0,0
af_shell10,0.235878,0.235878,0,0
boneS10,1000000,0.240529,0,0
asia_osm,0.247576,0.247576,1,1
germany_osm,0.259366,0.259366,1,1
Hook_1498,0.360099,0.273691,0,0
Geo_1438,0.330842,0.274449,0,0
Serena,0.368204,0.279656,0,0
kron_g500-logn19,0.325775,0.293425,1,0
vas_stokes_2M,0.402848,0.306627,0,0
bone010,0.310868,0.310868,0,0
delaunay_n23,0.79259,0.319539,0,0
audikw_1,1000000,0.336286,0,0
rgg_n_2_22_s0,0.523659,0.347156,0,0
dgreen,0.355497,0.355497,1,1
wikipedia-20060925,0.356867,0.356867,1,1
circuit5M,1000000,0.361364,0,0
soc-Pokec,0.366077,0.366077,1,1
Long_Coup_dt6,0.369345,0.369345,0,0
Long_Coup_dt0,0.370164,0.370164,0,0
hugetrace-00010,1000000,0.382747,0,0
wb-edu,0.517172,0.388828,0,0
channel-500x100x100-b050,0.483819,0.392454,0,0
dielFilterV3real,0.487329,0.392686,0,0
road_central,0.441108,0.411798,0,0
sx-stackoverflow,0.417728,0.417728,1,1
wikipedia-20061104,1000000,0.419659,0.779691,0.596850158
nlpkkt120,0.53284,0.429725,0,0
wikipedia-20070206,0.434095,0.434095,1,1
ML_Geer,0.46967,0.46967,0,0
hugetrace-00020,0.484399,0.484399,1,1
cage15,1000000,0.486589,0,0
Flan_1565,0.499887,0.499887,0,0
Cube_Coup_dt0,0.531783,0.531783,0,0
Cube_Coup_dt6,0.531802,0.531802,0,0
hugebubbles-00000,0.532715,0.532715,1,1
Bump_2911,0.557814,0.557814,0,0
nv2,0.56299,0.56299,1,1
GAP-road,0.592055,0.592055,0,0
road_usa,0.601247,0.592587,0,0
ljournal-2008,1000000,0.600631,0,0
vas_stokes_4M,0.806876,0.620992,0,0
com-LiveJournal,0.792678,0.629491,0,0
delaunay_n24,1.762281,0.637019,0,0
kron_g500-logn20,0.646341,0.646341,1,1
soc-LiveJournal1,1000000,0.651291,0,0
hollywood-2009,1000000,0.663414,0,0
hugebubbles-00010,0.693256,0.693256,1,1
rgg_n_2_23_s0,1.136195,0.822262,0,0
hugebubbles-00020,1000000,0.867923,0,0
indochina-2004,1000000,0.926325,0.393023247,0.090190143
nlpkkt160,1.281376,1.009858,0,0
mycielskian17,1000000,1.184561,0,0
HV15R,1000000,1.199049,0,0
europe_osm,1.227539,1.227539,1,1
Queen_4147,1.396136,1.396136,0,0
uk-2002,1.494225,1.494225,0,0
kron_g500-logn21,1000000,1.494311,0.960393091,0.201660338
stokes,1000000,1.632027,0,0
mycielskian18,1.83862,1.727313,1,0.797413475
nlpkkt200,2.523657,1.961592,0,0
kmer_V2a,2.297861,2.04584,0,0
rgg_n_2_24_s0,2.563601,2.184163,0.459248892,0.333708611
com-Orkut,2.62852,2.361754,0.235639654,0.160583785
kmer_U1a,2.647472,2.513621,0,0
arabic-2005,2.934401,2.864908,0.629351355,0.385471085
nlpkkt240,4.322761,3.369839,0,0
uk-2005,4.337737,4.306731,0.340716655,0.165599101
it-2004,5.289614,5.148789,0.614836541,0.417110943
kmer_P1a,6.167625,5.232799,0,0
mycielskian19,5.599927,5.302206,1,0.795720828
webbase-2001,6.009088,6.009088,0,0
kmer_V1r,1000000,6.143931,0,0
kmer_A2a,1000000,6.430426,0,0
GAP-web,8.530797,8.299965,0.360308282,0.235423248
sk-2005,8.603531,8.374099,0.363216766,0.238290629
