Matrix Name,cd_perf (ms),cusparse_perf (ms)
1138_bus,0.0049,0.0069
144,0.0271,0.0310
2D_27628_bjtcai,0.0070,0.0097
2D_54019_highK,0.0111,0.0136
2cubes_sphere,0.0168,0.0193
333SP,0.3198,0.2911
3D_28984_Tetra,0.0082,0.0107
3D_51448_3D,0.0116,0.0139
3Dspectralwave,0.3036,0.2852
3Dspectralwave2,0.1358,0.1273
3dtube,0.0375,0.0324
3elt,0.0044,0.0068
3elt_dual,0.0048,0.0073
494_bus,0.0048,0.0066
598a,0.0208,0.0238
662_bus,0.0050,0.0067
685_bus,0.0044,0.0073
ABACUS_shell_hd,0.0061,0.0084
ABACUS_shell_ld,0.0058,0.0081
ABACUS_shell_md,0.0061,0.0084
ABACUS_shell_ud,0.0059,0.0081
ACTIVSg10K,0.0056,0.0078
ACTIVSg2000,0.0050,0.0070
ACTIVSg70K,0.0066,0.0090
AS365,0.5264,0.4710
ASIC_100k,0.0113,0.0128
ASIC_100ks,0.0086,0.0113
ASIC_320k,0.0356,0.0286
ASIC_320ks,0.0187,0.0224
ASIC_680k,0.0543,0.0451
ASIC_680ks,0.0417,0.0341
Alemdar,0.0050,0.0078
Andrews,0.0142,0.0180
Baumann,0.0085,0.0127
BenElechi1,0.1221,0.1174
Binaryalphadigs_10NN,0.0048,0.0066
Bump_2911,1.0989,1.1798
CAG_mat1916,0.0060,0.0083
CAG_mat364,0.0047,0.0066
CAG_mat72,0.0043,0.0064
CO,0.0798,0.0725
CSphd,0.0060,0.0091
California,0.0063,0.0080
Chebyshev1,0.0042,0.0069
Chebyshev2,0.0118,0.0072
Chebyshev3,0.0173,0.0073
Chebyshev4,0.2730,0.0479
Chem97ZtZ,0.0046,0.0073
Chevron1,0.0060,0.0089
Chevron2,0.0089,0.0121
Chevron3,0.0457,0.0389
Chevron4,0.0772,0.0667
CollegeMsg,0.0054,0.0076
CoupCons3D,0.2113,0.1937
Cube_Coup_dt0,1.1081,1.1430
Cube_Coup_dt6,1.1084,1.1429
CurlCurl_0,0.0052,0.0077
CurlCurl_1,0.0302,0.0286
CurlCurl_2,0.0995,0.0903
CurlCurl_3,0.1439,0.1405
CurlCurl_4,0.2682,0.2834
DK01R,0.0045,0.0075
Dubcova1,0.0062,0.0088
Dubcova2,0.0120,0.0152
Dubcova3,0.0440,0.0385
EAT_RS,0.0114,0.0120
EAT_SR,0.0097,0.0116
EPA,0.0076,0.0100
EVA,0.0137,0.0147
EX1,0.0046,0.0066
EX2,0.0048,0.0068
EX3,0.0052,0.0074
EX4,0.0053,0.0074
EX5,0.0070,0.0090
EX6,0.0070,0.0090
Ecoli_10NN,0.0044,0.0065
Emilia_923,0.3616,0.3607
Erdos02,0.0063,0.0085
Erdos971,0.0047,0.0068
Erdos972,0.0060,0.0078
Erdos981,0.0046,0.0070
Erdos982,0.0063,0.0078
Erdos991,0.0046,0.0068
Erdos992,0.0060,0.0082
F1,0.2502,0.2283
F2,0.0553,0.0517
FA,0.0064,0.0087
FEM_3D_thermal1,0.0068,0.0091
FEM_3D_thermal2,0.0426,0.0364
Fashion_MNIST_norm_10NN,0.0071,0.0104
Fault_639,0.2549,0.2471
Flan_1565,0.9964,1.0349
Freescale1,0.2692,0.2781
Freescale2,0.2812,0.2781
FullChip,0.3309,0.3139
G1,0.0052,0.0073
G10,0.0049,0.0071
G11,0.0043,0.0068
G12,0.0043,0.0068
G13,0.0041,0.0069
G14,0.0045,0.0067
G15,0.0046,0.0070
G16,0.0048,0.0073
G17,0.0046,0.0070
G18,0.0048,0.0071
G19,0.0045,0.0068
G2,0.0049,0.0073
G20,0.0045,0.0067
G21,0.0048,0.0071
G22,0.0053,0.0077
G23,0.0051,0.0079
G24,0.0055,0.0081
G25,0.0052,0.0082
G26,0.0054,0.0079
G27,0.0052,0.0080
G28,0.0052,0.0080
G29,0.0053,0.0078
G2_circuit,0.0088,0.0128
G3,0.0050,0.0073
G30,0.0052,0.0077
G31,0.0052,0.0078
G32,0.0042,0.0069
G33,0.0043,0.0070
G34,0.0044,0.0070
G35,0.0049,0.0073
G36,0.0050,0.0070
G37,0.0051,0.0075
G38,0.0049,0.0074
G39,0.0049,0.0075
G3_circuit,0.1047,0.1061
G4,0.0050,0.0075
G40,0.0050,0.0073
G41,0.0048,0.0073
G42,0.0049,0.0075
G43,0.0050,0.0072
G44,0.0049,0.0072
G45,0.0047,0.0071
G46,0.0047,0.0071
G47,0.0050,0.0073
G48,0.0045,0.0071
G49,0.0042,0.0069
G5,0.0052,0.0073
G50,0.0043,0.0068
G51,0.0046,0.0067
G52,0.0048,0.0069
G53,0.0045,0.0069
G54,0.0045,0.0069
G55,0.0051,0.0074
G56,0.0052,0.0076
G57,0.0043,0.0068
G58,0.0064,0.0085
G59,0.0064,0.0085
G6,0.0053,0.0073
G60,0.0055,0.0077
G61,0.0053,0.0075
G62,0.0045,0.0070
G63,0.0064,0.0081
G64,0.0064,0.0081
G65,0.0044,0.0069
G66,0.0044,0.0069
G67,0.0045,0.0071
G7,0.0051,0.0072
G8,0.0052,0.0072
G9,0.0051,0.0072
GAP-road,1.1702,1.1334
GAP-web,16.8619,17.6583
GD00_c,0.0056,0.0075
GD06_Java,0.0046,0.0069
GD96_a,0.0052,0.0073
GT01R,0.0068,0.0093
G_n_pin_pout,0.0149,0.0175
Ga10As10H30,0.0640,0.0575
Ga19As19H42,0.0875,0.0798
Ga3As3H12,0.0616,0.0519
Ga41As41H72,0.1694,0.1559
GaAsH6,0.0397,0.0317
Ge87H76,0.0788,0.0720
Ge99H100,0.0829,0.0759
Geo_1438,0.5506,0.5797
Glass_10NN,0.0045,0.0068
Goodwin_010,0.0047,0.0071
Goodwin_013,0.0052,0.0074
Goodwin_017,0.0051,0.0074
Goodwin_023,0.0058,0.0080
Goodwin_030,0.0064,0.0085
Goodwin_040,0.0082,0.0105
Goodwin_054,0.0114,0.0134
Goodwin_071,0.0155,0.0188
Goodwin_095,0.0403,0.0347
Goodwin_127,0.0643,0.0579
H2O,0.0207,0.0225
HEP-th-new,0.0111,0.0139
HEP-th,0.0101,0.0130
HTC_336_4438,0.0110,0.0154
HTC_336_9129,0.0104,0.0150
HV15R,2.2509,2.4160
Hamrle2,0.0047,0.0072
Hamrle3,0.0858,0.0818
Hardesty1,0.1300,0.1193
Harvard500,0.0050,0.0068
Hook_1498,0.5413,0.5612
Ill_Stokes,0.0077,0.0103
JapaneseVowelsSmall_10NN,0.0058,0.0081
Journals,0.0047,0.0068
Kaufhold,0.0047,0.0073
Kohonen,0.0081,0.0113
Kuu,0.0064,0.0087
L-9,0.0053,0.0074
L,0.0046,0.0069
LF10000,0.0048,0.0076
LFAT5000,0.0054,0.0074
LeGresley_2508,0.0045,0.0069
LeGresley_4908,0.0050,0.0071
LeGresley_87936,0.0090,0.0118
Lederberg,0.0069,0.0088
Lin,0.0164,0.0207
Linux_call_graph,0.0161,0.0190
Long_Coup_dt0,0.7622,0.7769
Long_Coup_dt6,0.7620,0.7765
M10PI_n,0.0044,0.0068
M10PI_n1,0.0046,0.0070
M20PI_n,0.0044,0.0068
M20PI_n1,0.0045,0.0071
M40PI_n,0.0045,0.0072
M40PI_n1,0.0047,0.0069
M6,0.4815,0.4269
M80PI_n,0.0050,0.0075
M80PI_n1,0.0047,0.0075
MISKnowledgeMap,0.0058,0.0082
ML_Geer,0.9483,0.9763
ML_Laplace,0.2465,0.2354
Muu,0.0055,0.0079
NACA0015,0.0809,0.0748
NLR,0.6248,0.5713
Na5,0.0070,0.0092
NotreDame_www,0.0333,0.0502
NotreDame_yeast,0.0055,0.0073
ODLIS,0.0049,0.0073
OPF_10000,0.0073,0.0101
OPF_3754,0.0055,0.0082
OPF_6000,0.0063,0.0089
Olivetti_norm_10NN,0.0047,0.0069
Oregon-1,0.0353,0.0079
Oregon-2,0.0364,0.0080
PFlow_742,0.3287,0.3184
PGPgiantcompo,0.0062,0.0085
PR02R,0.0826,0.0773
Pd,0.0051,0.0077
Plants_10NN,0.0046,0.0070
Pres_Poisson,0.0082,0.0110
Queen_4147,2.6479,2.9216
RFdevice,0.0068,0.0096
RM07R,0.3341,0.3124
Raj1,0.0136,0.0174
Reuters911,0.0097,0.0113
Roget,0.0050,0.0072
S10PI_n,0.0046,0.0070
S10PI_n1,0.0048,0.0071
S20PI_n,0.0044,0.0070
S20PI_n1,0.0045,0.0070
S40PI_n,0.0047,0.0072
S40PI_n1,0.0047,0.0073
S80PI_n,0.0049,0.0074
S80PI_n1,0.0046,0.0070
SciMet,0.0056,0.0076
Serena,0.5824,0.5869
Si10H16,0.0101,0.0133
Si2,0.0047,0.0071
Si34H36,0.0558,0.0488
Si41Ge41H72,0.1377,0.1262
Si5H12,0.0097,0.0126
Si87H76,0.1041,0.0972
SiH4,0.0059,0.0082
SiNa,0.0060,0.0082
SiO,0.0137,0.0163
SiO2,0.1071,0.0933
Sieber,0.0046,0.0073
SmaGri,0.0054,0.0076
Spectro_10NN,0.0048,0.0076
Stanford,0.0392,0.0381
Stanford_Berkeley,2.7037,0.0741
StocF-1465,0.2141,0.2165
TEM152078,0.0692,0.0628
TEM181302,0.0812,0.0743
TEM27623,0.0075,0.0100
TS,0.0047,0.0070
TSC_OPF_1047,0.0150,0.0151
TSC_OPF_300,0.0089,0.0113
TSOPF_FS_b162_c1,0.0078,0.0101
TSOPF_FS_b162_c3,0.0145,0.0159
TSOPF_FS_b162_c4,0.0190,0.0202
TSOPF_FS_b300,0.0458,0.0400
TSOPF_FS_b300_c1,0.0459,0.0399
TSOPF_FS_b300_c2,0.0805,0.0742
TSOPF_FS_b300_c3,0.1171,0.1081
TSOPF_FS_b39_c19,0.2241,0.0180
TSOPF_FS_b39_c30,0.3712,0.0295
TSOPF_FS_b39_c7,0.0791,0.0110
TSOPF_FS_b9_c1,0.0046,0.0068
TSOPF_FS_b9_c6,0.0466,0.0075
TSOPF_RS_b162_c1,0.0056,0.0080
TSOPF_RS_b162_c3,0.0077,0.0103
TSOPF_RS_b162_c4,0.0089,0.0115
TSOPF_RS_b2052_c1,0.0635,0.0562
TSOPF_RS_b2383,0.1374,0.1228
TSOPF_RS_b2383_c1,0.1374,0.1230
TSOPF_RS_b300_c1,0.0119,0.0140
TSOPF_RS_b300_c2,0.0297,0.0276
TSOPF_RS_b300_c3,0.0457,0.0424
TSOPF_RS_b39_c19,0.0086,0.0108
TSOPF_RS_b39_c30,0.0116,0.0135
TSOPF_RS_b39_c7,0.0060,0.0083
TSOPF_RS_b678_c1,0.0448,0.0392
TSOPF_RS_b678_c2,0.0810,0.0731
TSOPF_RS_b9_c6,0.0050,0.0073
Transport,0.2295,0.2429
Trefethen_150,0.0043,0.0067
Trefethen_200,0.0046,0.0068
Trefethen_2000,0.0050,0.0072
Trefethen_20000,0.0091,0.0116
Trefethen_20000b,0.0092,0.0120
Trefethen_200b,0.0045,0.0072
Trefethen_300,0.0044,0.0065
Trefethen_500,0.0045,0.0066
Trefethen_700,0.0046,0.0068
USAir97,0.0049,0.0070
USpowerGrid,0.0053,0.0078
Vehicle_10NN,0.0045,0.0069
Wordnet3,0.0180,0.0087
YaleA_10NN,0.0046,0.0068
YaleB_10NN,0.0050,0.0073
Zd_Jac2,0.0146,0.0160
Zd_Jac2_db,0.0099,0.0123
Zd_Jac3,0.0163,0.0163
Zd_Jac3_db,0.0100,0.0122
Zd_Jac6,0.0152,0.0160
Zd_Jac6_db,0.0098,0.0119
Zewail,0.0068,0.0082
Zhao1,0.0054,0.0083
Zhao2,0.0055,0.0085
a0nsdsil,0.2318,0.0095
a2nnsnsl,0.2310,0.0098
a5esindl,0.1790,0.0088
adaptive,0.4646,0.4669
add20,0.0049,0.0074
add32,0.0048,0.0069
adder_dcop_01,0.0049,0.0071
adder_dcop_02,0.0048,0.0074
adder_dcop_03,0.0048,0.0071
adder_dcop_04,0.0053,0.0072
adder_dcop_05,0.0052,0.0072
adder_dcop_06,0.0047,0.0072
adder_dcop_07,0.0049,0.0074
adder_dcop_08,0.0048,0.0074
adder_dcop_09,0.0046,0.0073
adder_dcop_10,0.0048,0.0072
adder_dcop_11,0.0047,0.0074
adder_dcop_12,0.0046,0.0072
adder_dcop_13,0.0047,0.0074
adder_dcop_14,0.0047,0.0072
adder_dcop_15,0.0048,0.0074
adder_dcop_16,0.0046,0.0074
adder_dcop_17,0.0046,0.0072
adder_dcop_18,0.0046,0.0072
adder_dcop_19,0.0046,0.0073
adder_dcop_20,0.0048,0.0071
adder_dcop_21,0.0048,0.0074
adder_dcop_22,0.0046,0.0073
adder_dcop_23,0.0046,0.0073
adder_dcop_24,0.0046,0.0073
adder_dcop_25,0.0048,0.0075
adder_dcop_26,0.0046,0.0074
adder_dcop_27,0.0046,0.0074
adder_dcop_28,0.0048,0.0072
adder_dcop_29,0.0046,0.0072
adder_dcop_30,0.0046,0.0071
adder_dcop_31,0.0046,0.0071
adder_dcop_32,0.0046,0.0071
adder_dcop_33,0.0046,0.0071
adder_dcop_34,0.0047,0.0074
adder_dcop_35,0.0046,0.0071
adder_dcop_36,0.0046,0.0072
adder_dcop_37,0.0048,0.0074
adder_dcop_38,0.0046,0.0071
adder_dcop_39,0.0047,0.0074
adder_dcop_40,0.0046,0.0073
adder_dcop_41,0.0046,0.0072
adder_dcop_42,0.0046,0.0072
adder_dcop_43,0.0048,0.0074
adder_dcop_44,0.0046,0.0073
adder_dcop_45,0.0047,0.0074
adder_dcop_46,0.0046,0.0073
adder_dcop_47,0.0046,0.0073
adder_dcop_48,0.0046,0.0072
adder_dcop_49,0.0046,0.0074
adder_dcop_50,0.0045,0.0070
adder_dcop_51,0.0046,0.0074
adder_dcop_52,0.0047,0.0074
adder_dcop_53,0.0048,0.0074
adder_dcop_54,0.0046,0.0072
adder_dcop_55,0.0046,0.0072
adder_dcop_56,0.0046,0.0072
adder_dcop_57,0.0046,0.0073
adder_dcop_58,0.0046,0.0071
adder_dcop_59,0.0046,0.0071
adder_dcop_60,0.0045,0.0070
adder_dcop_61,0.0046,0.0072
adder_dcop_62,0.0046,0.0073
adder_dcop_63,0.0045,0.0070
adder_dcop_64,0.0047,0.0074
adder_dcop_65,0.0046,0.0072
adder_dcop_66,0.0048,0.0074
adder_dcop_67,0.0046,0.0071
adder_dcop_68,0.0045,0.0071
adder_dcop_69,0.0045,0.0071
adder_trans_01,0.0049,0.0068
adder_trans_02,0.0050,0.0071
af23560,0.0074,0.0095
af_0_k101,0.1646,0.1572
af_1_k101,0.1648,0.1576
af_2_k101,0.1647,0.1573
af_3_k101,0.1646,0.1574
af_4_k101,0.1648,0.1574
af_5_k101,0.1647,0.1574
af_shell1,0.1650,0.1577
af_shell10,0.4684,0.4895
af_shell2,0.1650,0.1576
af_shell3,0.1650,0.1577
af_shell4,0.1651,0.1579
af_shell5,0.1650,0.1576
af_shell6,0.1651,0.1575
af_shell7,0.1649,0.1577
af_shell8,0.1649,0.1575
af_shell9,0.1649,0.1574
aft01,0.0053,0.0076
aft02,0.0056,0.0077
airfoil1,0.0043,0.0071
airfoil1_dual,0.0046,0.0072
airfoil_2d,0.0065,0.0090
ak2010,0.0070,0.0092
al2010,0.0163,0.0211
amazon-2008,0.0670,0.0563
amazon0302,0.0154,0.0203
amazon0312,0.0433,0.0394
amazon0505,0.0452,0.0396
amazon0601,0.0451,0.0400
analytics,0.0222,0.0236
apache1,0.0074,0.0108
apache2,0.0633,0.0538
appu,0.0303,0.0362
ar2010,0.0125,0.0175
arabic-2005,5.5996,6.0007
arc130,0.0043,0.0066
as-22july06,0.0065,0.0087
as-735,0.0068,0.0079
as-Skitter,0.2483,0.2324
as-caida,0.0076,0.0098
ash292,0.0044,0.0067
asia_osm,0.4759,0.4898
astro-ph,0.0072,0.0092
atmosmodd,0.1057,0.1008
atmosmodj,0.1057,0.1008
atmosmodl,0.1211,0.1199
atmosmodm,0.1211,0.1199
audikw_1,0.7006,0.6727
aug2d,0.0055,0.0076
aug2dc,0.0051,0.0078
aug3d,0.0056,0.0081
aug3dcqp,0.0055,0.0080
auto,0.0866,0.0824
av41092,0.0156,0.0166
az2010,0.0170,0.0207
b2_ss,0.0048,0.0070
b_dyn,0.0049,0.0071
barrier2-1,0.0442,0.0363
barrier2-10,0.0448,0.0376
barrier2-11,0.0448,0.0386
barrier2-12,0.0448,0.0378
barrier2-2,0.0442,0.0363
barrier2-3,0.0443,0.0365
barrier2-4,0.0442,0.0363
barrier2-9,0.0448,0.0376
barth,0.0057,0.0083
barth4,0.0047,0.0073
barth5,0.0053,0.0076
bauru5727,0.0057,0.0080
bayer01,0.0064,0.0091
bayer02,0.0051,0.0075
bayer03,0.0053,0.0077
bayer04,0.0058,0.0082
bayer05,0.0050,0.0071
bayer06,0.0047,0.0069
bayer07,0.0048,0.0072
bayer08,0.0049,0.0071
bayer09,0.0055,0.0076
bayer10,0.0051,0.0074
bbmat,0.0145,0.0177
bcircuit,0.0069,0.0096
bcspwr04,0.0044,0.0065
bcspwr05,0.0048,0.0066
bcspwr06,0.0049,0.0068
bcspwr07,0.0048,0.0067
bcspwr08,0.0049,0.0070
bcspwr09,0.0048,0.0071
bcspwr10,0.0052,0.0074
bcsstk02,0.0046,0.0064
bcsstk04,0.0046,0.0067
bcsstk05,0.0043,0.0067
bcsstk06,0.0046,0.0066
bcsstk07,0.0044,0.0067
bcsstk08,0.0049,0.0068
bcsstk09,0.0045,0.0074
bcsstk10,0.0047,0.0069
bcsstk11,0.0047,0.0073
bcsstk12,0.0046,0.0070
bcsstk13,0.0052,0.0077
bcsstk14,0.0049,0.0073
bcsstk15,0.0053,0.0074
bcsstk16,0.0061,0.0085
bcsstk17,0.0069,0.0095
bcsstk18,0.0055,0.0076
bcsstk19,0.0043,0.0071
bcsstk20,0.0043,0.0068
bcsstk21,0.0044,0.0066
bcsstk23,0.0048,0.0070
bcsstk24,0.0054,0.0075
bcsstk25,0.0062,0.0088
bcsstk26,0.0047,0.0067
bcsstk27,0.0048,0.0069
bcsstk28,0.0056,0.0080
bcsstk29,0.0078,0.0103
bcsstk30,0.0158,0.0192
bcsstk31,0.0119,0.0142
bcsstk32,0.0156,0.0190
bcsstk33,0.0080,0.0103
bcsstk34,0.0045,0.0067
bcsstk35,0.0124,0.0153
bcsstk36,0.0109,0.0136
bcsstk37,0.0111,0.0137
bcsstk38,0.0065,0.0090
bcsstk39,0.0162,0.0196
bcsstm07,0.0044,0.0065
bcsstm08,0.0052,0.0076
bcsstm09,0.0049,0.0078
bcsstm10,0.0047,0.0068
bcsstm11,0.0048,0.0078
bcsstm12,0.0048,0.0075
bcsstm13,0.0053,0.0079
bcsstm21,0.0054,0.0079
bcsstm23,0.0054,0.0078
bcsstm24,0.0052,0.0078
bcsstm25,0.0055,0.0082
bcsstm26,0.0053,0.0080
bcsstm27,0.0048,0.0070
bcsstm34,0.0047,0.0071
bcsstm35,0.0073,0.0101
bcsstm36,0.0064,0.0087
bcsstm37,0.0071,0.0099
bcsstm38,0.0073,0.0089
bcsstm39,0.0057,0.0081
belgium_osm,0.0615,0.0592
benzene,0.0062,0.0087
bfly,0.0057,0.0084
bfwa398,0.0043,0.0068
bfwa782,0.0046,0.0071
bfwb398,0.0043,0.0065
bfwb782,0.0043,0.0068
bibd_81_2,0.0051,0.0076
big,0.0053,0.0078
big_dual,0.0051,0.0079
biplane-9,0.0056,0.0079
bips07_1693,0.0051,0.0077
bips07_1998,0.0056,0.0077
bips07_2476,0.0054,0.0078
bips07_3078,0.0053,0.0074
bips98_1142,0.0052,0.0073
bips98_1450,0.0053,0.0077
bips98_606,0.0049,0.0074
blckhole,0.0044,0.0066
blockqp1,0.0083,0.0104
bloweya,0.0058,0.0078
bloweybl,0.0057,0.0078
bloweybq,0.0341,0.0073
bmw3_2,0.1093,0.1029
bmw7st_1,0.0742,0.0698
bmwcra_1,0.1019,0.0971
bodyy4,0.0052,0.0075
bodyy5,0.0050,0.0075
bodyy6,0.0051,0.0076
bone010,0.6188,0.6201
boneS01,0.0695,0.0639
boneS10,0.4829,0.4783
boyd1,0.0116,0.0139
boyd2,0.0159,0.0200
bp_0,0.0053,0.0071
bp_1000,0.0049,0.0070
bp_1200,0.0049,0.0068
bp_1400,0.0049,0.0067
bp_1600,0.0050,0.0072
bp_200,0.0048,0.0069
bp_400,0.0049,0.0072
bp_600,0.0051,0.0069
bp_800,0.0051,0.0069
brack2,0.0093,0.0126
brainpc2,0.0057,0.0082
bratu3d,0.0058,0.0078
breasttissue_10NN,0.0043,0.0067
bundle1,0.0358,0.0115
bundle_adj,2.1649,0.1663
bwm2000,0.0048,0.0071
c-18,0.0048,0.0078
c-19,0.0051,0.0071
c-20,0.0051,0.0071
c-21,0.0062,0.0074
c-22,0.0048,0.0071
c-23,0.0066,0.0074
c-24,0.0054,0.0073
c-25,0.0049,0.0077
c-26,0.0054,0.0075
c-27,0.0060,0.0073
c-28,0.0047,0.0071
c-29,0.0062,0.0077
c-30,0.0201,0.0077
c-31,0.0059,0.0078
c-32,0.0215,0.0075
c-33,0.0052,0.0076
c-34,0.0058,0.0077
c-35,0.0055,0.0074
c-36,0.0056,0.0077
c-37,0.0057,0.0074
c-38,0.0064,0.0077
c-39,0.0059,0.0081
c-40,0.0056,0.0081
c-41,0.0060,0.0076
c-42,0.0060,0.0077
c-43,0.0056,0.0083
c-44,0.0055,0.0076
c-45,0.0434,0.0082
c-46,0.0056,0.0079
c-47,0.0074,0.0088
c-48,0.0065,0.0079
c-49,0.0059,0.0081
c-50,0.0070,0.0086
c-51,0.0069,0.0083
c-52,0.0071,0.0082
c-53,0.0075,0.0093
c-54,0.0082,0.0097
c-55,0.0084,0.0099
c-56,0.0071,0.0094
c-57,0.1177,0.0095
c-58,0.0086,0.0120
c-59,0.0093,0.0110
c-60,0.0068,0.0089
c-61,0.0068,0.0090
c-62,0.0093,0.0113
c-62ghs,0.0094,0.0113
c-63,0.0079,0.0104
c-64,0.0104,0.0118
c-64b,0.0104,0.0119
c-65,0.0072,0.0097
c-66,0.0084,0.0107
c-66b,0.0085,0.0107
c-67,0.0080,0.0108
c-67b,0.0080,0.0107
c-68,0.0087,0.0113
c-69,0.0096,0.0118
c-70,0.0098,0.0120
c-71,0.0108,0.0136
c-72,0.0095,0.0125
c-73,0.0131,0.0161
c-73b,0.0131,0.0159
c-big,0.0319,0.0298
ca-AstroPh,0.0125,0.0138
ca-CondMat,0.0078,0.0106
ca-GrQc,0.0058,0.0076
ca-HepPh,0.0095,0.0108
ca-HepTh,0.0057,0.0087
ca2010,0.0538,0.0497
cage,0.0044,0.0065
cage10,0.0056,0.0080
cage11,0.0090,0.0113
cage12,0.0204,0.0231
cage13,0.0835,0.0730
cage14,0.2717,0.2696
cage15,0.9995,0.9985
cage7,0.0043,0.0064
cage8,0.0045,0.0072
cage9,0.0049,0.0072
caidaRouterLevel,0.0191,0.0220
can_1054,0.0045,0.0071
can_1072,0.0045,0.0067
can_144,0.0046,0.0067
can_161,0.0042,0.0067
can_187,0.0041,0.0071
can_229,0.0043,0.0067
can_256,0.0047,0.0067
can_268,0.0044,0.0064
can_292,0.0044,0.0066
can_445,0.0042,0.0067
can_634,0.0044,0.0068
can_715,0.0044,0.0068
can_838,0.0046,0.0070
cant,0.0448,0.0407
case39,0.1087,0.0126
case9,0.0467,0.0077
cavity01,0.0045,0.0069
cavity02,0.0045,0.0068
cavity03,0.0047,0.0070
cavity04,0.0044,0.0067
cavity05,0.0048,0.0073
cavity06,0.0046,0.0071
cavity07,0.0046,0.0069
cavity08,0.0048,0.0068
cavity09,0.0045,0.0069
cavity10,0.0050,0.0073
cavity11,0.0051,0.0072
cavity12,0.0050,0.0073
cavity13,0.0053,0.0074
cavity14,0.0051,0.0072
cavity15,0.0053,0.0074
cavity16,0.0055,0.0076
cavity17,0.0055,0.0077
cavity18,0.0054,0.0073
cavity19,0.0054,0.0075
cavity20,0.0056,0.0078
cavity21,0.0055,0.0076
cavity22,0.0056,0.0076
cavity23,0.0054,0.0075
cavity24,0.0055,0.0073
cavity25,0.0056,0.0076
cavity26,0.0055,0.0077
cbuckle,0.0078,0.0106
cca,0.0057,0.0083
ccc,0.0054,0.0081
cdde1,0.0041,0.0071
cdde2,0.0040,0.0069
cdde3,0.0041,0.0071
cdde4,0.0043,0.0068
cdde5,0.0041,0.0071
cdde6,0.0041,0.0072
cegb2802,0.0058,0.0082
cegb2919,0.0062,0.0086
cegb3024,0.0049,0.0074
cegb3306,0.0049,0.0068
celegans_metabolic,0.0048,0.0070
celegansneural,0.0047,0.0071
cell1,0.0044,0.0071
cell2,0.0044,0.0073
cfd1,0.0161,0.0193
cfd2,0.0390,0.0328
ch5-5-b3,0.0041,0.0067
ch7-8-b5,0.0096,0.0141
channel-500x100x100-b050,0.7905,0.8688
chem_master1,0.0053,0.0083
chipcool0,0.0074,0.0100
chipcool1,0.0076,0.0104
circuit204,0.0047,0.0070
circuit5M,0.6633,0.7143
circuit5M_dc,0.2581,0.2666
circuit_1,0.0047,0.0071
circuit_2,0.0046,0.0073
circuit_3,0.0052,0.0078
circuit_4,0.0069,0.0095
cit-HepPh,0.0113,0.0141
cit-HepTh,0.0112,0.0141
cit-Patents,0.3240,0.2996
citationCiteseer,0.0389,0.0395
ck400,0.0045,0.0070
ck656,0.0042,0.0067
ckt11752_dc_1,0.0079,0.0090
ckt11752_tr_0,0.0077,0.0089
cnae9_10NN,0.0051,0.0073
cnr-2000,0.0474,0.0394
co2010,0.0143,0.0185
coAuthorsCiteseer,0.0175,0.0200
coAuthorsDBLP,0.0240,0.0254
coPapersCiteseer,0.2990,0.2674
coPapersDBLP,0.2937,0.2575
coater1,0.0049,0.0070
coater2,0.0058,0.0079
collins_15NN,0.0045,0.0068
com-Amazon,0.0295,0.0333
com-DBLP,0.0307,0.0317
com-LiveJournal,1.0265,0.9012
com-Orkut,5.9792,2.9675
com-Youtube,0.0847,0.0779
commanche_dual,0.0046,0.0072
comsol,0.0058,0.0082
cond-mat-2003,0.0079,0.0097
cond-mat-2005,0.0092,0.0111
cond-mat,0.0062,0.0082
conf5_0-4x4-10,0.0054,0.0074
conf5_0-4x4-14,0.0051,0.0074
conf5_0-4x4-18,0.0053,0.0074
conf5_0-4x4-22,0.0051,0.0072
conf5_0-4x4-26,0.0053,0.0074
conf5_4-8x8-05,0.0159,0.0188
conf5_4-8x8-10,0.0158,0.0186
conf5_4-8x8-15,0.0159,0.0187
conf5_4-8x8-20,0.0158,0.0187
conf6_0-4x4-20,0.0051,0.0074
conf6_0-4x4-30,0.0051,0.0073
conf6_0-8x8-20,0.0158,0.0186
conf6_0-8x8-30,0.0159,0.0188
conf6_0-8x8-80,0.0159,0.0187
consph,0.0623,0.0578
cont-201,0.0069,0.0105
cont-300,0.0110,0.0152
cop20k_A,0.1149,0.1004
copter1,0.0059,0.0083
copter2,0.0098,0.0127
coupled,0.0059,0.0084
crack,0.0049,0.0077
crack_dual,0.0050,0.0077
crankseg_1,0.0983,0.0916
crankseg_2,0.1280,0.1182
crashbasis,0.0154,0.0189
crplat2,0.0100,0.0123
cryg10000,0.0046,0.0073
cryg2500,0.0043,0.0070
crystk01,0.0063,0.0089
crystk02,0.0103,0.0128
crystk03,0.0140,0.0169
crystm01,0.0054,0.0076
crystm02,0.0064,0.0088
crystm03,0.0081,0.0105
cs4,0.0064,0.0085
ct2010,0.0081,0.0111
ct20stif,0.0279,0.0271
cti,0.0052,0.0076
cvxbqp1,0.0071,0.0100
cvxqp3,0.0057,0.0079
cyl6,0.0079,0.0108
cz10228,0.0054,0.0075
cz1268,0.0048,0.0067
cz148,0.0046,0.0067
cz20468,0.0058,0.0077
cz2548,0.0047,0.0068
cz308,0.0044,0.0063
cz40948,0.0072,0.0093
cz5108,0.0049,0.0068
cz628,0.0045,0.0067
d_pretok,0.0149,0.0186
darcy003,0.0253,0.0264
data,0.0044,0.0071
dataset12mfeatfactors_10NN,0.0050,0.0070
dataset16mfeatkarhunen_10NN,0.0048,0.0070
dataset18mfeatmorphological_10NN,0.0049,0.0070
dataset20mfeatpixel_10NN,0.0050,0.0071
dataset22mfeatzernike_10NN,0.0049,0.0070
dawson5,0.0116,0.0136
dblp-2010,0.0189,0.0206
dc1,0.0104,0.0128
dc2,0.0102,0.0126
dc3,0.0103,0.0125
de2010,0.0062,0.0087
debr,0.0670,0.0576
delaunay_n10,0.0042,0.0068
delaunay_n11,0.0046,0.0072
delaunay_n12,0.0046,0.0070
delaunay_n13,0.0047,0.0071
delaunay_n14,0.0052,0.0076
delaunay_n15,0.0055,0.0078
delaunay_n16,0.0070,0.0098
delaunay_n17,0.0093,0.0127
delaunay_n18,0.0147,0.0187
delaunay_n19,0.0450,0.0387
delaunay_n20,0.0863,0.0751
delaunay_n21,0.1675,0.1654
delaunay_n22,0.3338,0.3443
delaunay_n23,0.6646,0.6867
delaunay_n24,1.3276,1.3682
dendrimer,0.0049,0.0069
denormal,0.0114,0.0148
dermatology_5NN,0.0042,0.0066
descriptor_xingo6u,0.0059,0.0076
dgreen,0.4856,0.4913
diag,0.0049,0.0072
dictionary28,0.0089,0.0102
dielFilterV2clx,0.2393,0.2211
dielFilterV2real,0.4482,0.4389
dielFilterV3clx,0.2995,0.2782
dielFilterV3real,0.8000,0.7742
dixmaanl,0.0060,0.0093
dtoc,0.0058,0.0083
dw1024,0.0045,0.0071
dw2048,0.0043,0.0068
dw256A,0.0042,0.0066
dw256B,0.0043,0.0068
dw4096,0.0045,0.0071
dw8192,0.0045,0.0068
dwa512,0.0044,0.0068
dwb512,0.0045,0.0070
dwg961a,0.0045,0.0076
dwg961b,0.0046,0.0071
dwt_1005,0.0047,0.0072
dwt_1007,0.0042,0.0067
dwt_1242,0.0044,0.0066
dwt_162,0.0044,0.0068
dwt_193,0.0043,0.0066
dwt_198,0.0042,0.0065
dwt_209,0.0045,0.0068
dwt_221,0.0044,0.0068
dwt_245,0.0042,0.0069
dwt_2680,0.0046,0.0066
dwt_307,0.0042,0.0069
dwt_310,0.0042,0.0065
dwt_346,0.0044,0.0062
dwt_361,0.0045,0.0068
dwt_419,0.0044,0.0071
dwt_492,0.0044,0.0065
dwt_503,0.0044,0.0073
dwt_512,0.0048,0.0071
dwt_592,0.0043,0.0068
dwt_607,0.0043,0.0069
dwt_758,0.0043,0.0067
dwt_869,0.0043,0.0070
dwt_878,0.0042,0.0066
dwt_918,0.0043,0.0069
dwt_992,0.0045,0.0068
dynamicSoaringProblem_1,0.0052,0.0069
dynamicSoaringProblem_2,0.0065,0.0070
dynamicSoaringProblem_3,0.0054,0.0071
dynamicSoaringProblem_4,0.0062,0.0075
dynamicSoaringProblem_5,0.0052,0.0075
dynamicSoaringProblem_6,0.0051,0.0071
dynamicSoaringProblem_7,0.0059,0.0070
dynamicSoaringProblem_8,0.0056,0.0072
e40r0100,0.0080,0.0107
ecl32,0.0077,0.0102
ecology1,0.0692,0.0638
ecology2,0.0691,0.0638
email-Enron,0.0090,0.0104
email-Eu-core-temporal,0.0050,0.0074
email-Eu-core,0.0051,0.0073
email-EuAll,0.0111,0.0145
email,0.0046,0.0071
engine,0.0528,0.0478
enron,0.0104,0.0109
epb0,0.0045,0.0069
epb1,0.0050,0.0074
epb2,0.0055,0.0075
epb3,0.0067,0.0104
eris1176,0.0047,0.0067
eu-2005,0.1983,0.1914
europe_osm,2.1533,2.1266
eurqsa,0.0050,0.0076
ex1,0.0044,0.0066
ex10,0.0049,0.0071
ex10hs,0.0048,0.0068
ex11,0.0112,0.0139
ex12,0.0051,0.0074
ex13,0.0051,0.0070
ex14,0.0053,0.0076
ex15,0.0050,0.0074
ex18,0.0050,0.0077
ex19,0.0063,0.0088
ex2,0.0047,0.0072
ex20,0.0053,0.0076
ex21,0.0048,0.0069
ex22,0.0045,0.0071
ex23,0.0050,0.0072
ex24,0.0050,0.0072
ex25,0.0046,0.0070
ex26,0.0052,0.0074
ex27,0.0049,0.0069
ex28,0.0052,0.0074
ex29,0.0047,0.0071
ex3,0.0049,0.0070
ex31,0.0052,0.0075
ex32,0.0044,0.0067
ex33,0.0046,0.0070
ex35,0.0058,0.0081
ex36,0.0049,0.0072
ex37,0.0052,0.0072
ex3sta1,0.0097,0.0123
ex4,0.0047,0.0072
ex40,0.0072,0.0095
ex6,0.0049,0.0071
ex7,0.0050,0.0071
ex8,0.0054,0.0072
ex9,0.0051,0.0077
exdata_1,0.0163,0.0157
extr1,0.0052,0.0075
extr1b,0.0052,0.0073
fcondp2,0.1072,0.1028
fd12,0.0047,0.0073
fd15,0.0048,0.0072
fd18,0.0053,0.0074
fe_4elt2,0.0049,0.0075
fe_body,0.0064,0.0090
fe_ocean,0.0094,0.0135
fe_rotor,0.0143,0.0179
fe_sphere,0.0050,0.0077
fe_tooth,0.0109,0.0139
fem_filter,0.0156,0.0179
fem_hifreq_circuit,0.1972,0.1790
filter2D,0.0045,0.0069
filter3D,0.0316,0.0299
finan512,0.0083,0.0112
finance256,0.0064,0.0086
fl2010,0.0382,0.0361
flickr,0.1536,0.1365
flowmeter0,0.0049,0.0074
flowmeter5,0.0049,0.0074
foldoc,0.0058,0.0078
football,0.0042,0.0068
ford1,0.0051,0.0076
ford2,0.0080,0.0113
fp,0.0095,0.0115
fpga_dcop_01,0.0046,0.0070
fpga_dcop_02,0.0045,0.0069
fpga_dcop_03,0.0044,0.0067
fpga_dcop_04,0.0045,0.0069
fpga_dcop_05,0.0048,0.0072
fpga_dcop_06,0.0044,0.0067
fpga_dcop_07,0.0047,0.0072
fpga_dcop_08,0.0045,0.0070
fpga_dcop_09,0.0047,0.0067
fpga_dcop_10,0.0045,0.0069
fpga_dcop_11,0.0045,0.0067
fpga_dcop_12,0.0045,0.0066
fpga_dcop_13,0.0045,0.0071
fpga_dcop_14,0.0046,0.0066
fpga_dcop_15,0.0046,0.0070
fpga_dcop_16,0.0047,0.0070
fpga_dcop_17,0.0047,0.0072
fpga_dcop_18,0.0045,0.0068
fpga_dcop_19,0.0045,0.0067
fpga_dcop_20,0.0044,0.0067
fpga_dcop_21,0.0047,0.0070
fpga_dcop_22,0.0046,0.0066
fpga_dcop_23,0.0044,0.0067
fpga_dcop_24,0.0044,0.0067
fpga_dcop_25,0.0047,0.0070
fpga_dcop_26,0.0045,0.0067
fpga_dcop_27,0.0045,0.0071
fpga_dcop_28,0.0047,0.0072
fpga_dcop_29,0.0045,0.0071
fpga_dcop_30,0.0046,0.0066
fpga_dcop_31,0.0047,0.0070
fpga_dcop_32,0.0047,0.0072
fpga_dcop_33,0.0047,0.0070
fpga_dcop_34,0.0045,0.0067
fpga_dcop_35,0.0047,0.0070
fpga_dcop_36,0.0047,0.0070
fpga_dcop_37,0.0044,0.0067
fpga_dcop_38,0.0047,0.0069
fpga_dcop_39,0.0045,0.0071
fpga_dcop_40,0.0046,0.0070
fpga_dcop_41,0.0044,0.0067
fpga_dcop_42,0.0045,0.0067
fpga_dcop_43,0.0047,0.0072
fpga_dcop_44,0.0047,0.0072
fpga_dcop_45,0.0044,0.0067
fpga_dcop_46,0.0047,0.0071
fpga_dcop_47,0.0046,0.0070
fpga_dcop_48,0.0047,0.0070
fpga_dcop_49,0.0045,0.0067
fpga_dcop_50,0.0046,0.0066
fpga_dcop_51,0.0044,0.0067
fpga_trans_01,0.0049,0.0070
fpga_trans_02,0.0045,0.0069
freeFlyingRobot_1,0.0054,0.0070
freeFlyingRobot_10,0.0051,0.0070
freeFlyingRobot_11,0.0050,0.0071
freeFlyingRobot_12,0.0055,0.0070
freeFlyingRobot_13,0.0064,0.0070
freeFlyingRobot_14,0.0049,0.0073
freeFlyingRobot_15,0.0052,0.0071
freeFlyingRobot_16,0.0056,0.0075
freeFlyingRobot_2,0.0054,0.0070
freeFlyingRobot_3,0.0049,0.0070
freeFlyingRobot_4,0.0047,0.0069
freeFlyingRobot_5,0.0050,0.0068
freeFlyingRobot_6,0.0047,0.0071
freeFlyingRobot_7,0.0055,0.0070
freeFlyingRobot_8,0.0060,0.0073
freeFlyingRobot_9,0.0056,0.0070
fs_183_3,0.0049,0.0066
fs_183_4,0.0049,0.0071
fs_183_6,0.0048,0.0071
fs_541_1,0.0044,0.0069
fs_541_2,0.0044,0.0071
fs_541_3,0.0045,0.0070
fs_541_4,0.0044,0.0072
fs_680_1,0.0045,0.0071
fs_680_2,0.0047,0.0070
fs_680_3,0.0046,0.0069
fs_760_1,0.0044,0.0067
fs_760_2,0.0044,0.0068
fs_760_3,0.0047,0.0069
fullb,0.1128,0.1065
fv1,0.0049,0.0071
fv2,0.0049,0.0073
fv3,0.0049,0.0073
fxm3_6,0.0051,0.0072
fxm4_6,0.0076,0.0096
g3rmt3m3,0.0055,0.0080
g7jac010,0.0047,0.0070
g7jac010sc,0.0047,0.0071
g7jac020,0.0050,0.0071
g7jac020sc,0.0049,0.0069
g7jac040,0.0058,0.0078
g7jac040sc,0.0058,0.0077
g7jac050sc,0.0062,0.0080
g7jac060,0.0068,0.0084
g7jac060sc,0.0068,0.0083
g7jac080,0.0074,0.0092
g7jac080sc,0.0074,0.0093
g7jac100,0.0077,0.0101
g7jac100sc,0.0079,0.0103
g7jac120,0.0088,0.0109
g7jac120sc,0.0088,0.0110
g7jac140,0.0095,0.0118
g7jac140sc,0.0094,0.0118
g7jac160,0.0098,0.0123
g7jac160sc,0.0099,0.0124
g7jac180,0.0104,0.0132
g7jac180sc,0.0105,0.0131
g7jac200,0.0112,0.0138
g7jac200sc,0.0112,0.0137
ga2010,0.0169,0.0218
garon1,0.0051,0.0075
garon2,0.0070,0.0094
gas_sensor,0.0148,0.0188
gearbox,0.0891,0.0835
gemat11,0.0049,0.0074
gemat12,0.0049,0.0074
geom,0.0062,0.0078
germany_osm,0.5138,0.5042
goddardRocketProblem_1,0.0048,0.0070
goddardRocketProblem_2,0.0053,0.0072
goodwin,0.0063,0.0086
gr_30_30,0.0043,0.0067
graham1,0.0064,0.0089
gre_1107,0.0044,0.0071
gre_343,0.0042,0.0069
gre_512,0.0044,0.0071
great-britain_osm,0.3258,0.3281
grid2,0.0048,0.0069
grid2_dual,0.0049,0.0068
gridgena,0.0074,0.0100
gsm_106857,0.2028,0.1875
gupta1,0.0188,0.0193
gupta2,0.0460,0.0375
gupta3,0.0846,0.0773
gyro,0.0113,0.0140
gyro_k,0.0113,0.0138
gyro_m,0.0070,0.0094
halfb,0.1181,0.1112
hangGlider_1,0.0052,0.0068
hangGlider_2,0.0047,0.0070
hangGlider_3,0.0055,0.0075
hangGlider_4,0.0056,0.0079
hangGlider_5,0.0054,0.0078
har_10NN,0.0060,0.0085
hcircuit,0.0081,0.0106
heart1,0.0119,0.0137
heart2,0.0082,0.0105
heart3,0.0081,0.0103
helm2d03,0.0373,0.0322
helm3d01,0.0083,0.0107
hep-th,0.0057,0.0079
hi2010,0.0067,0.0087
higgs-twitter,0.1647,0.1632
hollywood-2009,1.0390,0.9563
hood,0.1052,0.1006
hor_131,0.0045,0.0068
hugebubbles-00000,1.0452,1.0211
hugebubbles-00010,1.6817,1.6430
hugebubbles-00020,1.7839,1.7398
hugetrace-00000,0.2524,0.2485
hugetrace-00010,0.7284,0.6985
hugetrace-00020,1.0480,0.9977
hugetric-00000,0.3173,0.3128
hugetric-00010,0.4504,0.4319
hugetric-00020,0.4953,0.4739
human_gene1,0.2106,0.1970
human_gene2,0.1510,0.1452
hvdc1,0.0054,0.0076
hvdc2,0.0130,0.0159
hydr1,0.0048,0.0069
hydr1c,0.0049,0.0070
iChem_Jacobian,0.0516,0.0445
ia2010,0.0135,0.0178
ibm_matrix_2,0.0116,0.0137
id2010,0.0119,0.0159
ifiss_mat,0.0420,0.0386
igbt3,0.0063,0.0086
il2010,0.0315,0.0330
imagesensor,0.0183,0.0207
impcol_d,0.0048,0.0071
impcol_e,0.0042,0.0072
in-2004,0.1849,0.1841
in2010,0.0158,0.0207
indianpines_10NN,0.0062,0.0086
indochina-2004,1.7787,1.7854
init_adder1,0.0049,0.0073
inlet,0.0062,0.0085
inline_1,0.3316,0.3122
ins2,0.0371,0.0347
internet,0.0095,0.0115
invextr1_new,0.0156,0.0183
iprob,0.0143,0.0073
iris_dataset_30NN,0.0044,0.0065
it-2004,10.1327,10.8197
italy_osm,0.2681,0.2766
jagmesh1,0.0043,0.0068
jagmesh2,0.0041,0.0070
jagmesh3,0.0042,0.0068
jagmesh4,0.0043,0.0067
jagmesh5,0.0042,0.0066
jagmesh6,0.0045,0.0069
jagmesh7,0.0045,0.0067
jagmesh8,0.0044,0.0069
jagmesh9,0.0042,0.0069
jan99jac020,0.0054,0.0076
jan99jac020sc,0.0054,0.0076
jan99jac040,0.0057,0.0076
jan99jac040sc,0.0058,0.0077
jan99jac060,0.0061,0.0081
jan99jac060sc,0.0061,0.0084
jan99jac080,0.0063,0.0080
jan99jac080sc,0.0065,0.0084
jan99jac100,0.0065,0.0086
jan99jac100sc,0.0066,0.0087
jan99jac120,0.0068,0.0088
jan99jac120sc,0.0068,0.0089
jazz,0.0047,0.0067
jnlbrng1,0.0059,0.0082
jpwh_991,0.0045,0.0069
juba40k,0.0057,0.0083
k1_san,0.0083,0.0114
k3plates,0.0066,0.0095
k49_norm_10NN,0.0140,0.0168
kim1,0.0105,0.0135
kim2,0.1121,0.1073
kineticBatchReactor_1,0.0050,0.0069
kineticBatchReactor_2,0.0068,0.0077
kineticBatchReactor_3,0.0061,0.0073
kineticBatchReactor_4,0.0068,0.0075
kineticBatchReactor_5,0.0050,0.0076
kineticBatchReactor_6,0.0054,0.0077
kineticBatchReactor_7,0.0055,0.0072
kineticBatchReactor_8,0.0059,0.0077
kineticBatchReactor_9,0.0057,0.0077
kkt_power,0.1888,0.1852
kmer_A2a,13.9492,11.6874
kmer_P1a,11.3479,9.5059
kmer_U1a,4.5966,4.5698
kmer_V1r,13.7511,12.1314
kmer_V2a,3.7338,3.7070
kmnist_norm_10NN,0.0072,0.0109
kron_g500-logn16,0.0636,0.0621
kron_g500-logn17,0.1253,0.1267
kron_g500-logn18,0.2630,0.2654
kron_g500-logn19,0.5381,0.5420
kron_g500-logn20,1.1164,1.1171
kron_g500-logn21,2.4978,2.2997
ks2010,0.0147,0.0185
ky2010,0.0113,0.0152
la2010,0.0137,0.0182
laminar_duct3D,0.0432,0.0385
language,0.0147,0.0184
largebasis,0.0648,0.0583
laser,0.0046,0.0070
ldoor,0.4256,0.4104
lhr01,0.0049,0.0072
lhr02,0.0049,0.0070
lhr04,0.0053,0.0076
lhr04c,0.0054,0.0075
lhr07,0.0057,0.0080
lhr07c,0.0058,0.0080
lhr10,0.0065,0.0084
lhr10c,0.0063,0.0082
lhr11,0.0063,0.0084
lhr11c,0.0061,0.0080
lhr14,0.0068,0.0086
lhr14c,0.0068,0.0090
lhr17,0.0072,0.0093
lhr17c,0.0072,0.0095
lhr34,0.0091,0.0115
lhr34c,0.0092,0.0116
lhr71,0.0137,0.0164
lhr71c,0.0136,0.0163
li,0.0126,0.0156
light_in_tissue,0.0069,0.0095
linverse,0.0053,0.0074
ljournal-2008,1.1346,1.0421
lns_3937,0.0045,0.0072
lns_511,0.0042,0.0069
lnsp3937,0.0047,0.0070
lnsp_511,0.0043,0.0070
loc-Brightkite,0.0101,0.0122
loc-Gowalla,0.5346,0.0262
lock1074,0.0049,0.0069
lock2232,0.0053,0.0071
lock3491,0.0053,0.0078
lock_700,0.0045,0.0066
lowThrust_1,0.0046,0.0068
lowThrust_10,0.0060,0.0085
lowThrust_11,0.0060,0.0083
lowThrust_12,0.0060,0.0085
lowThrust_13,0.0062,0.0084
lowThrust_2,0.0047,0.0069
lowThrust_3,0.0054,0.0075
lowThrust_4,0.0056,0.0077
lowThrust_5,0.0059,0.0082
lowThrust_6,0.0061,0.0082
lowThrust_7,0.0059,0.0083
lowThrust_8,0.0060,0.0082
lowThrust_9,0.0060,0.0082
lp1,2.3811,0.0232
lpl1,0.0072,0.0096
lshp1009,0.0041,0.0071
lshp1270,0.0044,0.0067
lshp1561,0.0045,0.0071
lshp1882,0.0043,0.0067
lshp2233,0.0043,0.0068
lshp2614,0.0042,0.0066
lshp3025,0.0042,0.0070
lshp3466,0.0045,0.0068
lshp_265,0.0041,0.0065
lshp_406,0.0041,0.0067
lshp_577,0.0043,0.0070
lshp_778,0.0041,0.0066
lund_a,0.0046,0.0071
lund_b,0.0044,0.0072
lung1,0.0045,0.0068
lung2,0.0077,0.0105
luxembourg_osm,0.0065,0.0095
m133-b3,0.0103,0.0141
m14b,0.0458,0.0411
m3plates,0.0066,0.0097
m_t1,0.0924,0.0875
ma2010,0.0123,0.0167
mac_econ_fwd500,0.0139,0.0168
mahindas,0.0050,0.0070
majorbasis,0.0155,0.0194
man_5976,0.0059,0.0080
marine1,0.0758,0.0633
mario001,0.0062,0.0086
mario002,0.0273,0.0262
mark3jac020,0.0053,0.0077
mark3jac020sc,0.0050,0.0073
mark3jac040,0.0054,0.0079
mark3jac040sc,0.0054,0.0078
mark3jac060,0.0060,0.0083
mark3jac060sc,0.0060,0.0082
mark3jac080,0.0063,0.0088
mark3jac080sc,0.0063,0.0089
mark3jac100,0.0067,0.0090
mark3jac100sc,0.0067,0.0090
mark3jac120,0.0071,0.0096
mark3jac120sc,0.0071,0.0096
mark3jac140,0.0075,0.0103
mark3jac140sc,0.0075,0.0104
matrix-new_3,0.0321,0.0285
matrix_9,0.0173,0.0207
mbeacxc,0.0055,0.0074
mbeaflw,0.0054,0.0072
mbeause,0.0053,0.0073
mc2depi,0.0347,0.0298
mcca,0.0047,0.0071
mcfe,0.0048,0.0071
md2010,0.0117,0.0162
me2010,0.0078,0.0110
meg1,0.0057,0.0073
meg4,0.0050,0.0072
memchip,0.1992,0.2064
memplus,0.0058,0.0078
mesh2e1,0.0042,0.0066
mesh2em5,0.0044,0.0068
mesh3e1,0.0043,0.0069
mesh3em5,0.0044,0.0069
mhd1280a,0.0050,0.0071
mhd1280b,0.0045,0.0067
mhd3200a,0.0050,0.0070
mhd3200b,0.0047,0.0071
mhd4800a,0.0051,0.0072
mhd4800b,0.0045,0.0068
mhda416,0.0044,0.0065
mhdb416,0.0043,0.0069
mi2010,0.0195,0.0243
mice_10NN,0.0044,0.0072
micromass_10NN,0.0049,0.0071
mimo28x28_system,0.0050,0.0075
mimo46x46_system,0.0053,0.0073
mimo8x8_system,0.0052,0.0078
minnesota,0.0050,0.0070
minsurfo,0.0053,0.0082
mip1,0.3237,0.0853
mixtank_new,0.0177,0.0201
mn2010,0.0154,0.0198
mnist_test_norm_10NN,0.0077,0.0100
mo2010,0.0215,0.0256
mono_500Hz,0.0542,0.0443
mosfet2,0.0180,0.0213
mouse_gene,0.2737,0.2794
mplate,0.0054,0.0075
ms2010,0.0122,0.0162
msc00726,0.0046,0.0071
msc01050,0.0046,0.0070
msc01440,0.0048,0.0071
msc04515,0.0052,0.0078
msc10848,0.0117,0.0139
msc23052,0.0115,0.0139
msdoor,0.1888,0.1785
mt2010,0.0104,0.0142
mult_dcop_01,0.0070,0.0089
mult_dcop_02,0.0070,0.0091
mult_dcop_03,0.0074,0.0088
mycielskian10,0.0049,0.0073
mycielskian11,0.0055,0.0082
mycielskian12,0.0166,0.0097
mycielskian13,0.0275,0.0147
mycielskian14,0.0612,0.0291
mycielskian15,0.1390,0.0905
mycielskian16,0.3269,0.2587
mycielskian17,0.8206,0.7609
mycielskian18,3.4625,2.2768
mycielskian19,10.5013,6.8776
mycielskian7,0.0046,0.0070
mycielskian8,0.0048,0.0069
mycielskian9,0.0049,0.0071
n3c6-b7,0.0049,0.0073
nasa1824,0.0046,0.0067
nasa2146,0.0051,0.0074
nasa2910,0.0054,0.0076
nasa4704,0.0051,0.0071
nasasrb,0.0274,0.0267
nc2010,0.0173,0.0225
ncvxbqp1,0.0072,0.0100
ncvxqp1,0.0053,0.0079
ncvxqp3,0.0091,0.0119
ncvxqp5,0.0082,0.0110
ncvxqp7,0.0094,0.0124
ncvxqp9,0.0054,0.0074
nd12k,0.1268,0.1161
nd2010,0.0097,0.0137
nd24k,0.2510,0.2259
nd3k,0.0354,0.0300
nd6k,0.0655,0.0599
ne2010,0.0124,0.0169
nemeth01,0.0084,0.0111
nemeth02,0.0065,0.0089
nemeth03,0.0065,0.0089
nemeth04,0.0065,0.0089
nemeth05,0.0067,0.0091
nemeth06,0.0065,0.0089
nemeth07,0.0067,0.0092
nemeth08,0.0066,0.0092
nemeth09,0.0064,0.0089
nemeth10,0.0064,0.0089
nemeth11,0.0065,0.0092
nemeth12,0.0065,0.0092
nemeth13,0.0067,0.0095
nemeth14,0.0069,0.0094
nemeth15,0.0072,0.0097
nemeth16,0.0074,0.0099
nemeth17,0.0077,0.0101
nemeth18,0.0080,0.0104
nemeth19,0.0088,0.0116
nemeth20,0.0100,0.0126
nemeth21,0.0112,0.0134
nemeth22,0.0118,0.0143
nemeth23,0.0125,0.0150
nemeth24,0.0125,0.0150
nemeth25,0.0126,0.0153
nemeth26,0.0125,0.0149
net100,0.0186,0.0204
net125,0.0251,0.0251
net150,0.0361,0.0317
net25,0.0085,0.0107
net4-1,0.2747,0.0254
net50,0.0120,0.0144
net75,0.0150,0.0182
netherlands_osm,0.0961,0.0988
netscience,0.0051,0.0071
netz4504,0.0048,0.0075
netz4504_dual,0.0047,0.0069
nh2010,0.0070,0.0098
nj2010,0.0123,0.0163
nlpkkt120,0.8691,0.9514
nlpkkt160,2.1404,2.2462
nlpkkt200,4.1441,4.3347
nlpkkt240,7.2299,7.5229
nlpkkt80,0.2645,0.2695
nm2010,0.0131,0.0173
nmos3,0.0073,0.0102
nnc1374,0.0045,0.0069
nnc261,0.0046,0.0070
nnc666,0.0044,0.0065
nopoly,0.0049,0.0073
nopss_11k,0.0051,0.0074
nos1,0.0041,0.0069
nos2,0.0041,0.0071
nos3,0.0046,0.0067
nos5,0.0044,0.0066
nos6,0.0042,0.0073
nos7,0.0041,0.0069
ns3Da,0.0270,0.0277
nv1,0.0259,0.0275
nv2,0.6665,0.6824
nv2010,0.0090,0.0123
nxp1,0.0396,0.0334
ny2010,0.0217,0.0267
obstclae,0.0056,0.0082
odepa400,0.0044,0.0066
offshore,0.0516,0.0442
oh2010,0.0222,0.0263
ohne2,0.1103,0.1006
oilpan,0.0419,0.0377
ok2010,0.0165,0.0210
olafu,0.0105,0.0129
olesnik0,0.0094,0.0125
olm1000,0.0045,0.0070
olm2000,0.0048,0.0069
olm500,0.0045,0.0067
olm5000,0.0050,0.0071
onera_dual,0.0069,0.0105
onetone1,0.0075,0.0097
onetone2,0.0063,0.0087
opt1,0.0151,0.0180
optdigits_10NN,0.0065,0.0087
or2010,0.0146,0.0191
orani678,0.0069,0.0077
orbitRaising_1,0.0044,0.0069
orbitRaising_2,0.0047,0.0072
orbitRaising_3,0.0046,0.0072
orbitRaising_4,0.0044,0.0070
orsirr_1,0.0045,0.0068
orsirr_2,0.0043,0.0068
orsreg_1,0.0044,0.0071
oscil_dcop_01,0.0047,0.0066
oscil_dcop_02,0.0047,0.0067
oscil_dcop_03,0.0048,0.0067
oscil_dcop_04,0.0046,0.0065
oscil_dcop_05,0.0049,0.0068
oscil_dcop_06,0.0049,0.0067
oscil_dcop_07,0.0046,0.0065
oscil_dcop_08,0.0047,0.0066
oscil_dcop_09,0.0047,0.0066
oscil_dcop_10,0.0047,0.0066
oscil_dcop_11,0.0046,0.0065
oscil_dcop_12,0.0049,0.0068
oscil_dcop_13,0.0047,0.0067
oscil_dcop_14,0.0047,0.0065
oscil_dcop_15,0.0047,0.0067
oscil_dcop_16,0.0046,0.0065
oscil_dcop_17,0.0046,0.0065
oscil_dcop_18,0.0047,0.0067
oscil_dcop_19,0.0046,0.0064
oscil_dcop_20,0.0047,0.0065
oscil_dcop_21,0.0049,0.0067
oscil_dcop_22,0.0047,0.0066
oscil_dcop_23,0.0047,0.0066
oscil_dcop_24,0.0048,0.0068
oscil_dcop_25,0.0047,0.0065
oscil_dcop_26,0.0048,0.0066
oscil_dcop_27,0.0048,0.0067
oscil_dcop_28,0.0047,0.0067
oscil_dcop_29,0.0049,0.0067
oscil_dcop_30,0.0047,0.0067
oscil_dcop_31,0.0046,0.0065
oscil_dcop_32,0.0047,0.0068
oscil_dcop_33,0.0046,0.0065
oscil_dcop_34,0.0048,0.0067
oscil_dcop_35,0.0046,0.0064
oscil_dcop_36,0.0047,0.0066
oscil_dcop_37,0.0047,0.0065
oscil_dcop_38,0.0047,0.0067
oscil_dcop_39,0.0049,0.0067
oscil_dcop_40,0.0046,0.0065
oscil_dcop_41,0.0046,0.0065
oscil_dcop_42,0.0047,0.0067
oscil_dcop_43,0.0047,0.0067
oscil_dcop_44,0.0047,0.0066
oscil_dcop_45,0.0047,0.0067
oscil_dcop_46,0.0047,0.0067
oscil_dcop_47,0.0048,0.0067
oscil_dcop_48,0.0046,0.0065
oscil_dcop_49,0.0049,0.0068
oscil_dcop_50,0.0049,0.0067
oscil_dcop_51,0.0047,0.0067
oscil_dcop_52,0.0047,0.0067
oscil_dcop_53,0.0046,0.0066
oscil_dcop_54,0.0047,0.0066
oscil_dcop_55,0.0046,0.0066
oscil_dcop_56,0.0048,0.0067
oscil_dcop_57,0.0047,0.0067
oscil_trans_01,0.0047,0.0067
p2p-Gnutella04,0.0057,0.0081
p2p-Gnutella05,0.0058,0.0076
p2p-Gnutella06,0.0057,0.0078
p2p-Gnutella08,0.0055,0.0075
p2p-Gnutella09,0.0056,0.0074
p2p-Gnutella24,0.0065,0.0083
p2p-Gnutella25,0.0066,0.0081
p2p-Gnutella30,0.0068,0.0085
p2p-Gnutella31,0.0075,0.0092
pa2010,0.0299,0.0311
packing-500x100x100-b050,0.3380,0.3617
para-10,0.0589,0.0516
para-4,0.0578,0.0512
para-5,0.0589,0.0518
para-6,0.0589,0.0517
para-7,0.0588,0.0517
para-8,0.0588,0.0517
para-9,0.0589,0.0519
parabolic_fem,0.0486,0.0433
patents,0.2962,0.2773
patents_main,0.0131,0.0161
pattern1,0.0840,0.0747
pcrystk02,0.0104,0.0130
pcrystk03,0.0140,0.0169
pct20stif,0.0280,0.0274
pdb1HYS,0.0461,0.0426
pde225,0.0041,0.0070
pde2961,0.0045,0.0071
pde900,0.0041,0.0067
pds10,0.0059,0.0078
pesa,0.0049,0.0074
pf2177,0.0127,0.0133
pfinan512,0.0083,0.0114
piston,0.0052,0.0074
pkustk01,0.0107,0.0131
pkustk02,0.0090,0.0113
pkustk03,0.0370,0.0324
pkustk04,0.0466,0.0419
pkustk05,0.0176,0.0198
pkustk06,0.0249,0.0241
pkustk07,0.0190,0.0216
pkustk08,0.0364,0.0327
pkustk09,0.0132,0.0156
pkustk10,0.0480,0.0431
pkustk11,0.0565,0.0520
pkustk12,0.0751,0.0700
pkustk13,0.0683,0.0635
pkustk14,0.1355,0.1284
plantsmargin_12NN,0.0047,0.0068
plantstexture_10NN,0.0049,0.0070
plat1919,0.0046,0.0070
plat362,0.0044,0.0066
plbuckle,0.0046,0.0070
pli,0.0126,0.0158
plsk1919,0.0044,0.0070
plskz362,0.0051,0.0070
poisson2D,0.0045,0.0070
poisson3Da,0.0108,0.0108
poisson3Db,0.0312,0.0359
polblogs,0.0052,0.0072
poli,0.0057,0.0074
poli3,0.0066,0.0080
poli4,0.0065,0.0088
poli_large,0.0065,0.0080
pores_2,0.0047,0.0068
pores_3,0.0045,0.0068
power,0.0051,0.0075
power197k,0.0459,0.0364
power9,0.0280,0.0284
powersim,0.0054,0.0072
pre2,0.0760,0.0630
preferentialAttachment,0.2705,0.0208
problem1,0.0042,0.0067
psmigr_1,0.0082,0.0106
psmigr_2,0.0082,0.0105
psmigr_3,0.0083,0.0106
pwt,0.0063,0.0090
pwtk,0.1100,0.1048
qa8fk,0.0146,0.0181
qa8fm,0.0146,0.0181
qc2534,0.0068,0.0091
qc324,0.0046,0.0067
qh1484,0.0049,0.0071
qh768,0.0048,0.0069
qh882,0.0045,0.0067
qpband,0.0049,0.0072
radfr1,0.0046,0.0070
radiation,0.0927,0.1002
raefsky1,0.0061,0.0082
raefsky2,0.0061,0.0083
raefsky3,0.0119,0.0149
raefsky4,0.0121,0.0151
raefsky5,0.0055,0.0075
raefsky6,0.0055,0.0073
rail_1357,0.0045,0.0069
rail_20209,0.0053,0.0078
rail_5177,0.0045,0.0070
rail_79841,0.0081,0.0113
rajat01,0.0055,0.0073
rajat02,0.0052,0.0069
rajat03,0.0049,0.0071
rajat04,0.0047,0.0069
rajat05,0.0043,0.0072
rajat06,0.0050,0.0070
rajat07,0.0053,0.0071
rajat08,0.0052,0.0073
rajat09,0.0053,0.0074
rajat10,0.0055,0.0076
rajat12,0.0112,0.0070
rajat13,0.0051,0.0071
rajat14,0.0048,0.0067
rajat15,0.0080,0.0104
rajat16,0.0092,0.0117
rajat17,0.0092,0.0117
rajat18,0.0088,0.0106
rajat19,0.0047,0.0074
rajat20,0.0090,0.0115
rajat21,0.0227,0.0254
rajat22,0.0067,0.0090
rajat23,0.0088,0.0115
rajat24,0.0222,0.0244
rajat25,0.0091,0.0114
rajat26,0.0069,0.0090
rajat27,0.0064,0.0079
rajat28,0.0090,0.0111
rajat29,0.0630,0.0535
rajat30,0.0759,0.0626
rajat31,0.2607,0.2980
ramage02,0.0297,0.0268
rbsa480,0.0047,0.0070
rbsb480,0.0048,0.0070
rdb1250,0.0044,0.0069
rdb1250l,0.0044,0.0070
rdb200,0.0043,0.0069
rdb200l,0.0042,0.0065
rdb2048,0.0042,0.0068
rdb2048_noL,0.0042,0.0069
rdb3200l,0.0045,0.0072
rdb450,0.0042,0.0067
rdb450l,0.0041,0.0068
rdb5000,0.0044,0.0069
rdb800l,0.0041,0.0069
rdb968,0.0042,0.0067
rdist1,0.0052,0.0075
rdist2,0.0049,0.0075
rdist3a,0.0050,0.0072
reorientation_1,0.0048,0.0074
reorientation_2,0.0062,0.0068
reorientation_3,0.0053,0.0074
reorientation_4,0.0055,0.0071
reorientation_5,0.0063,0.0070
reorientation_6,0.0058,0.0070
reorientation_7,0.0054,0.0075
reorientation_8,0.0050,0.0071
rgg_n_2_15_s0,0.0068,0.0089
rgg_n_2_16_s0,0.0095,0.0125
rgg_n_2_17_s0,0.0153,0.0184
rgg_n_2_18_s0,0.0424,0.0341
rgg_n_2_19_s0,0.0767,0.0666
rgg_n_2_20_s0,0.1466,0.1431
rgg_n_2_21_s0,0.3001,0.3247
rgg_n_2_22_s0,0.6418,0.7191
rgg_n_2_23_s0,1.3966,1.6107
rgg_n_2_24_s0,6.6712,3.5896
ri2010,0.0064,0.0089
rim,0.0110,0.0135
rma10,0.0195,0.0227
roadNet-CA,0.0936,0.0940
roadNet-PA,0.0562,0.0460
roadNet-TX,0.0689,0.0648
road_central,0.7756,0.6909
road_usa,1.1699,1.1329
rotor2,0.0046,0.0071
rw496,0.0045,0.0068
rw5151,0.0048,0.0072
s1rmq4m1,0.0058,0.0085
s1rmt3m1,0.0056,0.0080
s2rmq4m1,0.0060,0.0086
s2rmt3m1,0.0056,0.0080
s3dkq4m2,0.0521,0.0469
s3dkt3m2,0.0435,0.0394
s3rmq4m1,0.0058,0.0084
s3rmt3m1,0.0056,0.0080
s3rmt3m3,0.0056,0.0078
s4dkt3m2,0.0434,0.0378
saylr1,0.0043,0.0067
saylr3,0.0046,0.0072
saylr4,0.0044,0.0070
sc2010,0.0132,0.0173
scircuit,0.0113,0.0146
sd2010,0.0079,0.0113
se,0.0052,0.0076
semeion_10NN,0.0051,0.0075
shallow_water1,0.0060,0.0091
shallow_water2,0.0061,0.0093
shar_te2-b3,0.0103,0.0141
sherman1,0.0046,0.0073
sherman2,0.0048,0.0069
sherman3,0.0050,0.0073
sherman4,0.0045,0.0070
sherman5,0.0050,0.0076
shermanACa,0.0060,0.0071
shermanACb,0.0071,0.0079
shermanACd,0.0058,0.0076
ship_001,0.0484,0.0449
ship_003,0.0803,0.0756
shipsec1,0.0777,0.0730
shipsec5,0.0969,0.0925
shipsec8,0.0680,0.0638
shl_0,0.0050,0.0073
shl_200,0.0052,0.0076
shl_400,0.0050,0.0073
shock-9,0.0059,0.0080
shuttle_eddy,0.0051,0.0074
shyy161,0.0065,0.0091
shyy41,0.0050,0.0071
sinc12,0.0070,0.0089
sinc15,0.0092,0.0115
sinc18,0.0117,0.0148
sit100,0.0046,0.0071
sk-2005,17.0169,17.8204
skirt,0.0058,0.0079
smallworld,0.0112,0.0140
sme3Da,0.0133,0.0166
sme3Db,0.0240,0.0281
sme3Dc,0.0410,0.0409
smt,0.0406,0.0373
soc-Epinions1,0.0121,0.0152
soc-LiveJournal1,1.1048,0.9793
soc-Pokec,0.4091,0.4125
soc-Slashdot0811,0.0149,0.0188
soc-Slashdot0902,0.0153,0.0195
soc-sign-Slashdot081106,0.0132,0.0149
soc-sign-Slashdot090216,0.0129,0.0166
soc-sign-Slashdot090221,0.0130,0.0162
soc-sign-bitcoin-alpha,0.0058,0.0082
soc-sign-bitcoin-otc,0.0066,0.0080
soc-sign-epinions,0.0163,0.0180
spaceShuttleEntry_1,0.0048,0.0067
spaceShuttleEntry_2,0.0049,0.0069
spaceShuttleEntry_3,0.0050,0.0071
spaceShuttleEntry_4,0.0049,0.0069
spaceStation_10,0.0047,0.0068
spaceStation_11,0.0050,0.0069
spaceStation_12,0.0045,0.0071
spaceStation_13,0.0049,0.0073
spaceStation_14,0.0050,0.0068
spaceStation_2,0.0043,0.0067
spaceStation_3,0.0045,0.0071
spaceStation_4,0.0047,0.0070
spaceStation_5,0.0045,0.0070
spaceStation_6,0.0049,0.0073
spaceStation_7,0.0048,0.0069
spaceStation_8,0.0050,0.0072
spaceStation_9,0.0045,0.0069
sparsine,0.0206,0.0273
sphere3,0.0043,0.0065
spiral,0.0049,0.0070
spmsrtls,0.0056,0.0084
srb1,0.0329,0.0296
ss,0.3359,0.3561
ss1,0.0109,0.0150
sstmodel,0.0051,0.0075
std1_Jac2,0.0134,0.0141
std1_Jac2_db,0.0083,0.0103
std1_Jac3,0.0143,0.0146
std1_Jac3_db,0.0090,0.0106
steam1,0.0043,0.0065
steam2,0.0044,0.0067
stokes,4.1620,3.3315
stokes128,0.0083,0.0109
stokes64,0.0054,0.0078
stokes64s,0.0053,0.0078
stomach,0.0401,0.0336
str_0,0.0044,0.0069
str_200,0.0046,0.0066
str_400,0.0046,0.0067
str_600,0.0046,0.0065
struct3,0.0116,0.0145
struct4,0.0060,0.0082
sts4098,0.0051,0.0071
stufe-10,0.0054,0.0074
stufe,0.0046,0.0070
swang1,0.0045,0.0070
swang2,0.0047,0.0073
sx-askubuntu,0.0149,0.0159
sx-mathoverflow,0.0095,0.0099
sx-stackoverflow,0.5886,0.5268
sx-superuser,0.0187,0.0204
t2d_q4,0.0049,0.0073
t2d_q9,0.0049,0.0075
t2dah,0.0057,0.0084
t2dah_a,0.0057,0.0083
t2dah_e,0.0056,0.0082
t2dal,0.0046,0.0069
t2dal_a,0.0046,0.0069
t2dal_bci,0.0046,0.0069
t2dal_e,0.0053,0.0077
t2em,0.0647,0.0583
t3dh,0.0489,0.0436
t3dh_a,0.0487,0.0435
t3dh_e,0.0487,0.0443
t3dl,0.0076,0.0101
t3dl_a,0.0076,0.0101
t3dl_e,0.0055,0.0078
t520,0.0059,0.0084
t60k,0.0056,0.0086
tandem_dual,0.0072,0.0107
tandem_vtx,0.0062,0.0084
ted_A,0.0069,0.0095
ted_AB,0.0074,0.0099
ted_AB_unscaled,0.0075,0.0101
ted_A_unscaled,0.0070,0.0097
ted_B,0.0060,0.0089
ted_B_unscaled,0.0059,0.0085
test1,0.1435,0.1515
thermal,0.0051,0.0067
thermal1,0.0082,0.0113
thermal2,0.1103,0.0942
thermomech_TC,0.0129,0.0165
thermomech_TK,0.0128,0.0163
thermomech_dK,0.0361,0.0287
thermomech_dM,0.0155,0.0193
thread,0.0467,0.0429
tmt_sym,0.0663,0.0559
tmt_unsym,0.0639,0.0581
tn2010,0.0158,0.0194
tols1090,0.0049,0.0069
tols2000,0.0060,0.0076
tols340,0.0051,0.0068
tols4000,0.0054,0.0076
tols90,0.0045,0.0067
tomography,0.0049,0.0074
torsion1,0.0056,0.0080
torso1,0.4976,0.0686
torso2,0.0113,0.0142
torso3,0.0534,0.0474
trans4,0.0102,0.0125
trans5,0.0103,0.0127
transient,0.0117,0.0153
trdheim,0.0146,0.0171
troll,0.1139,0.1089
tsyl201,0.0186,0.0221
tub1000,0.0044,0.0071
tube1,0.0095,0.0123
tube2,0.0095,0.0123
tuma1,0.0056,0.0080
tuma2,0.0055,0.0077
tumorAntiAngiogenesis_1,0.0045,0.0070
tumorAntiAngiogenesis_2,0.0049,0.0071
tumorAntiAngiogenesis_3,0.0051,0.0067
tumorAntiAngiogenesis_4,0.0051,0.0069
tumorAntiAngiogenesis_5,0.0049,0.0070
tumorAntiAngiogenesis_6,0.0046,0.0070
tumorAntiAngiogenesis_7,0.0051,0.0069
tumorAntiAngiogenesis_8,0.0047,0.0068
turon_m,0.0149,0.0192
twotone,0.0139,0.0161
tx2010,0.0657,0.0576
uk-2002,2.8781,3.0688
uk-2005,8.4477,9.0362
uk,0.0048,0.0071
ukerbe1,0.0049,0.0073
ukerbe1_dual,0.0049,0.0070
umistfacesnorm_10NN,0.0047,0.0071
usps_norm_5NN,0.0057,0.0079
usroads-48,0.0073,0.0100
usroads,0.0073,0.0100
ut2010,0.0103,0.0140
utm1700b,0.0049,0.0072
utm300,0.0045,0.0066
utm3060,0.0047,0.0072
utm5940,0.0053,0.0074
va2010,0.0172,0.0219
vanbody,0.0191,0.0218
vas_stokes_1M,0.3375,0.3178
vas_stokes_2M,0.6243,0.6313
vas_stokes_4M,1.2449,1.2664
venkat01,0.0138,0.0175
venkat25,0.0138,0.0175
venkat50,0.0138,0.0175
venturiLevel3,0.2237,0.2451
vfem,0.0142,0.0169
vibrobox,0.0069,0.0092
viscoplastic1,0.0049,0.0072
viscoplastic2,0.0070,0.0101
viscorocks,0.0114,0.0139
vsp_barth5_1Ksep_50in_5Kout,0.0077,0.0100
vsp_bcsstk30_500sep_10in_1Kout,0.0620,0.0597
vsp_befref_fxm_2_4_air02,0.0068,0.0088
vsp_bump2_e18_aa01_model1_crew1,0.0098,0.0128
vsp_c-30_data_data,0.0368,0.0084
vsp_c-60_data_cti_cs4,0.0086,0.0112
vsp_data_and_seymourl,0.0060,0.0082
vsp_finan512_scagr7-2c_rlfddd,0.0142,0.0167
vsp_mod2_pgp2_slptsk,0.0135,0.0162
vsp_model1_crew1_cr42_south31,0.0087,0.0113
vsp_msc10848_300sep_100in_1Kout,0.0441,0.0428
vsp_p0291_seymourl_iiasa,0.0064,0.0080
vsp_sctap1-2b_and_seymourl,0.0078,0.0096
vsp_south31_slptsk,0.0088,0.0108
vsp_vibrobox_scagr7-2c_rlfddd,0.0121,0.0144
vt2010,0.0061,0.0085
wa2010,0.0143,0.0185
wang1,0.0044,0.0069
wang2,0.0044,0.0068
wang3,0.0052,0.0078
wang4,0.0053,0.0080
water_tank,0.0170,0.0204
wathen100,0.0075,0.0101
wathen120,0.0082,0.0110
watt_1,0.0043,0.0070
watt_2,0.0049,0.0071
wave,0.0206,0.0231
waveguide3D,0.0087,0.0112
wb-cs-stanford,0.0070,0.0076
wb-edu,0.6952,0.7063
web-BerkStan,0.0887,0.0768
web-Google,0.0790,0.0794
web-NotreDame,0.0418,0.0529
web-Stanford,0.0353,0.0355
webbase-1M,0.0523,0.0381
webbase-2001,11.4244,11.5654
west0381,0.0044,0.0068
west0479,0.0050,0.0075
west0497,0.0046,0.0070
west0655,0.0049,0.0071
west0989,0.0047,0.0068
west1505,0.0049,0.0071
west2021,0.0050,0.0072
whitaker3,0.0047,0.0069
whitaker3_dual,0.0050,0.0073
wi2010,0.0153,0.0195
wiki-RfA,0.0092,0.0106
wiki-Talk,0.4311,0.6830
wiki-Vote,0.0072,0.0092
wiki-talk-temporal,0.0821,0.0934
wiki-topcats,0.3375,0.3185
wikipedia-20051105,0.2677,0.2626
wikipedia-20060925,0.5935,0.5424
wikipedia-20061104,0.6401,0.5829
wikipedia-20070206,0.7691,0.6963
windscreen,0.0125,0.0152
windtunnel_evap2d,0.0064,0.0084
windtunnel_evap3d,0.0295,0.0270
wing,0.0083,0.0110
wing_nodal,0.0075,0.0093
worms20_10NN,0.0065,0.0089
wv2010,0.0107,0.0148
ww_36_pmec_36,0.0044,0.0064
ww_vref_6405,0.0051,0.0076
wy2010,0.0089,0.0125
x104,0.0960,0.0909
xenon1,0.0119,0.0144
xenon2,0.0464,0.0406
xingo3012,0.0059,0.0077
xingo_afonso_itaipu,0.0055,0.0076
yeast,0.0055,0.0074
yeast_30NN,0.0063,0.0081
young1c,0.0043,0.0070
young2c,0.0042,0.0069
young3c,0.0042,0.0069
young4c,0.0041,0.0071
zenios,0.0049,0.0079
zeros_nopss_13k,0.0053,0.0076
